0.1; 9.335338043303665E-05; 9.335344893305712E-05
0.2; 0.00014395020383440276; 0.0001439504144487654
0.30000000000000004; 0.0002126781349394755; 0.0002126767243461771
0.4; 0.00019077426066770753; 0.00019077395370857523
0.5; 9.915189713434064E-05; 9.915866086673856E-05
0.6000000000000001; 0.0003579462310186874; 0.0003579079445850441
0.7000000000000001; 0.0007396319214233136; 0.0007395647954876331
0.8; 0.0010559189423911869; 0.0010558316975556425
0.9; 0.0006252465707462304; 0.0006251413508166355
1; 0.00014402160920126518; 0.0001439016132408344
1.1; 0.0002342696305470752; 0.00023439295447609957
1.2000000000000002; 0.0006574764008665616; 0.0006575195481845778
1.3; 0.0023865241875801737; 0.0023863347426967526
1.4000000000000001; 0.0023087755793586412; 0.002308363274303601
1.5; 0.003021565992882188; 0.003020949262714806
1.6; 0.004804614285149492; 0.0048039214222263035
1.7000000000000002; 0.0024285335379321113; 0.0024260799178001283
1.8; 0.0022185934789794312; 0.002215703193910435
1.9000000000000001; 0.0007152544047281068; 0.0007112530364895812
2; 0.0023363058487258044; 0.0023321986001127817
2.1; 0.005655921594699973; 0.005651356177370173
2.2; 0.009226973423663073; 0.009221342848487656
2.3000000000000003; 0.011873701890982507; 0.011870709944476619
2.4000000000000004; 0.018389827047111573; 0.018390749549023224
2.5; 0.01551843019488775; 0.015521288278120694
2.6; 0.02487913790639007; 0.024876530997455872
2.7; 0.026350491821145437; 0.026353629641040807
2.8000000000000003; 0.032683209085302374; 0.032674043204809954
2.9000000000000004; 0.04109383302990135; 0.04105255119215525
3; 0.06028221078579225; 0.06024721574025112
3.1; 0.051406194613977274; 0.05137710222691268
3.2; 0.07151599518133998; 0.07142114777042957
3.3000000000000003; 0.0703340383667773; 0.07024786070944028
3.4000000000000004; 0.06679719562208462; 0.06667266285248892
3.5; 0.07205825819977614; 0.07194055114815863
3.6; 0.06616538871576312; 0.06609218379176915
3.7; 0.05245504097700861; 0.052394419171509346
3.8000000000000003; 0.07812119294120813; 0.0780539200732564
3.9000000000000004; 0.06719236771163198; 0.06711146237305747
4; 0.05906037010648792; 0.058948845403695646
4.1000000000000005; 0.05373840412012609; 0.05362177297542048
4.2; 0.05948261276868625; 0.05935199309740701
4.3; 0.11217359028151992; 0.11205785529471922
4.4; 0.09022635383948753; 0.09004606987523588
4.5; 0.10141755491515812; 0.10127125928926443
4.6000000000000005; 0.09634201005071538; 0.09615060479672037
4.7; 0.004440889600301971; 0.003942972256117014
4.800000000000001; 0.05800593139967388; 0.05747903178926113
4.9; 0.05504377877565172; 0.05446416342675251
5; 0.002075643715998641; 0.0026783679103505494
5.1000000000000005; 0.06311190758972561; 0.062452262376713814
5.2; 0.06430484535130762; 0.06355313947698871
5.300000000000001; 0.04547800157284623; 0.04463872881072861
5.4; 0.10426636287045565; 0.10432263002375394
5.5; 0.20296844614518886; 0.20270293644153978
5.6000000000000005; 0.2449962981516266; 0.24274746498438585
5.7; 0.11427850765072399; 0.11187892506469822
5.800000000000001; 0.06062603071430468; 0.057050655790851286
5.9; 0.0554680159109101; 0.05170135685745105
6; 0.07975990633855687; 0.07591077285077082
6.1000000000000005; 0.0646921094749014; 0.06898852300384359
6.2; 0.0022877825598147106; 0.006707261551081426
6.300000000000001; 0.008809049439278991; 0.013311512166606117
6.4; 0.11108069418833208; 0.11524202094395998
6.5; 0.15572822379075504; 0.15921674446479964
6.6000000000000005; 0.06785673353984403; 0.0716333873302595
6.7; 0.13279291126562995; 0.13676069561950982
6.800000000000001; 0.27688525390087254; 0.2793736754041049
6.9; 0.2571582033738835; 0.26019195466028494
7; 0.3323393597463366; 0.3349543389067905
7.1000000000000005; 0.17629590150206476; 0.1798058174552928
7.2; 0.3113687823249103; 0.3129266884480289
7.300000000000001; 0.2455539903250629; 0.24807443089622472
7.4; 0.020071143208800653; 0.017590447463259003
7.5; 0.5946074177169006; 0.595602744112172
7.6000000000000005; 0.31503196325666455; 0.3196491338182666
7.7; 0.19060459704871782; 0.1965789605914227
7.800000000000001; 0.3681795222835492; 0.3731358979979435
7.9; 0.23280553670296508; 0.23799736361783652
8; 0.5755608938621827; 0.573806248226003
8.1; 0.6202026883986105; 0.6236981139643517
8.200000000000001; 0.49051814193335086; 0.502444836042261
8.3; 0.02530492214548175; 0.0383180715636233
8.4; 0.33417646635654147; 0.345994322003157
8.5; 0.08503937004162165; 0.09679717522824006
8.6; 0.13321954811317124; 0.14442508775745544
8.700000000000001; 0.3530727032104929; 0.3434459794995751
8.8; 0.867881789064715; 0.8572867971824423
8.9; 0.9896050552880038; 0.9727699324089258
9; 0.8202247814521795; 0.8052894404440976
9.1; 1.202967999733679; 1.1658391311100285
9.200000000000001; 2.032934639836841; 1.9668059780949758
9.3; 1.5301485364108867; 1.4735072033645609
9.4; 0.9753482916474627; 0.9189357365548845
9.5; 1.2260769963153813; 1.168050961490205
9.600000000000001; 1.5824802406182035; 1.5104693798463236
9.700000000000001; 1.3875571659983124; 1.3207543078095076
9.8; 1.9453620387973212; 1.865549900287856
9.9; 2.377581368698498; 2.291145052528081
10; 3.10888729288932; 2.990885729381321
10.100000000000001; 3.4118967835101848; 3.2765023954591026
10.200000000000001; 2.9430110020380704; 2.8445974443507445
10.3; 2.8040887185382224; 2.7063239184102
10.4; 2.3631635991811395; 2.270333080228645
10.5; 2.0988763468683063; 2.001443568202512
10.600000000000001; 2.157550757578482; 2.0566466798437233
10.700000000000001; 2.4243306242848326; 2.323338823131213
10.8; 2.548950060206011; 2.44341704978778
10.9; 2.8852849927090176; 2.783836709734156
11; 3.15952997942677; 3.0588805559523085
11.100000000000001; 2.860471269444527; 2.7438069947344217
11.200000000000001; 3.0964856356818453; 2.9711155788701764
11.3; 2.80402970296537; 2.682059616417139
11.4; 2.941751517107428; 2.81545309694245
11.5; 3.165519397185951; 3.0284284181879304
11.600000000000001; 2.7766715656564736; 2.6039928985763954
11.700000000000001; 2.8352099640655353; 2.659284985178813
11.8; 2.580357842916231; 2.3639522482344453
11.9; 2.150457530229776; 1.839391413162541
12; 2.1762805107650105; 1.8623977745725122
12.100000000000001; 1.927337217258074; 1.5321609920953543
12.200000000000001; 2.089056413529352; 1.7251249497811632
12.3; 2.144126177996901; 1.791882796132701
12.4; 2.1247896229659333; 1.754657137829348
12.5; 2.6685557650743195; 2.463252085772067
12.600000000000001; 2.75856902487492; 2.568735103555591
12.700000000000001; 3.3027161064415944; 3.2555713083252504
12.8; 3.4567507262378947; 3.468597552705049
12.9; 2.938460915502629; 2.7838591268409867
13; 2.73410827683468; 2.5082968142089554
13.100000000000001; 2.8257871809058934; 2.6562511388618057
13.200000000000001; 2.879327896880872; 2.7352579919282483
13.3; 3.030434153367281; 2.991963042914665
13.4; 2.914199110611745; 2.8274337327642436
13.5; 2.670759109594199; 2.443141191285592
13.600000000000001; 3.0029942156747227; 2.965125560038253
13.700000000000001; 3.027293010171901; 2.9862730698850344
13.8; 3.2105191834927846; 3.348676122088016
13.9; 3.0754671937575; 3.1682937902519117
14; 3.0909679492845896; 3.2067291145093755
14.100000000000001; 3.098117839887468; 3.2110891814783993
14.200000000000001; 3.140214411861875; 3.314397504784065
14.3; 3.181521373682544; 3.4073975241565746
14.4; 3.11077762385035; 3.327849262309889
14.5; 3.170221830018006; 3.492822159200841
14.600000000000001; 3.152873381874768; 3.545375498933738
14.700000000000001; 3.091650269284727; 3.4345202681875695
14.8; 3.0997385963494026; 3.5119624269220386
14.9; 3.075692112329396; 3.520500325548065
15; 3.044705334258102; 3.4829316726389465
15.100000000000001; 3.0036797265729054; 3.4336224943381
15.200000000000001; 2.935330106316038; 3.236389614350682
15.3; 2.9163531462747; 3.2967354503733413
15.4; 2.9095907664537406; 3.358433576234537
15.5; 2.885337045051333; 3.401122005750766
15.600000000000001; 2.8353544564472566; 3.348315281512247
15.700000000000001; 2.7751976886050915; 3.164850826776571
15.8; 2.7680353756973335; 3.299295912811004
15.9; 2.7216634424048594; 3.160336067348312
16; 2.7290036170822773; 3.4633893387567904
16.1; 2.773501191932796; 4.0684131080833845
16.2; 2.782021181865784; 4.260325977356277
16.3; 2.7382209019020145; 4.300799084375539
16.400000000000002; 2.649854362086646; 4.250546886179466
16.5; 2.6594394096331; 4.314724647431868
16.6; 2.598241424224342; 4.272251625608155
16.7; 2.5618735684650544; 4.195628660336324
16.8; 2.407913109470768; 3.9488525766218285
16.900000000000002; 2.3866477272010473; 3.917485141064231
17; 2.4161628243308773; 4.009373685100733
17.1; 2.3828010367211094; 4.04472173879107
17.2; 2.2519718317874684; 3.934146642373912
17.3; 1.9524600394961396; 3.999015922033154
17.400000000000002; 1.939932404268362; 4.017986787003063
17.5; 2.1039736310264736; 4.033236568636038
17.6; 2.03141585961782; 3.8936337397962566
17.7; 2.042578920740876; 3.7925871411714467
17.8; 1.9976251319606935; 3.728943002797463
17.900000000000002; 1.938893705224591; 3.7513643834850487
18; 1.9516476737399067; 3.5744069908806773
18.1; 2.003683070867801; 3.4432680903462023
18.2; 2.075732106751934; 3.1209758993489043
18.3; 1.928423139850487; 3.1489513659665316
18.400000000000002; 2.011383194247349; 3.193592424088275
18.5; 1.9434112142938382; 3.0118737085951386
18.6; 1.8591325380904147; 2.9664572582843176
18.7; 1.9819479772583477; 3.025237150269889
18.8; 2.059683943615136; 2.9985554088821917
18.900000000000002; 2.0478872929541256; 2.9482894238405177
19; 1.8727739161480526; 3.231272470565567
19.1; 1.7907454568039707; 3.1384503096040093
19.200000000000003; 1.680546798064076; 2.9477386201144697
19.3; 1.1167395538471654; 2.6913734591788967
19.400000000000002; 1.0366632914278404; 2.2914497681845067
19.5; 0.9381298050021134; 2.2822935314220807
19.6; 0.911795254992705; 2.3171406556829486
19.700000000000003; 1.1845968322810894; 2.61423635596497
19.8; 1.5567288204185188; 2.5924902350578964
19.900000000000002; 1.4040221238977402; 2.281945200441558
20; 1.2196653184282662; 2.257906793086199
20.1; 1.1877162519944295; 2.353183271593582
20.200000000000003; 1.1308053260112558; 2.1941077891447005
20.3; 1.2133184675360746; 2.171757515003898
20.400000000000002; 1.223818919844166; 2.202603289530954
20.5; 1.0739952901083498; 2.002195687666241
20.6; 1.0910367242541987; 1.9726236216517292
20.700000000000003; 1.0615435548354446; 1.8625775871302463
20.8; 1.0873310372735758; 1.8184037633149503
20.900000000000002; 1.1321945698069975; 1.7901217380170105
21; 1.13738679279339; 1.766377104180544
21.1; 1.1515767400171963; 1.7132061967879608
21.200000000000003; 1.1385212558938704; 1.7160310480723646
21.3; 1.1438749846046177; 1.7123087186544887
21.400000000000002; 1.1259883813547122; 1.5414321459152989
21.5; 1.104548012148959; 1.3756176004640823
21.6; 1.1097730241800676; 1.2693444227421369
21.700000000000003; 1.0960825664482199; 1.2178375341182193
21.8; 1.1199471995515915; 1.1597063241033427
21.900000000000002; 1.089631888278452; 1.199383071616555
22; 1.1832345704579932; 1.2327023477096701
22.1; 0.9641064221786612; 1.0914976233868143
22.200000000000003; 0.9428950667978169; 1.1383261158387143
22.3; 1.0243169508175127; 1.1493871722027522
22.400000000000002; 0.9673444740440807; 1.0776322405801286
22.5; 1.1724308254289746; 1.1699138106604277
22.6; 1.0771173991159337; 1.212678901544947
22.700000000000003; 1.0984695179072281; 1.2122906650127316
22.8; 0.971682733455566; 1.114696235819551
22.900000000000002; 1.0516464833835302; 1.097221366284115
23; 1.0923474746923705; 1.1097423101032107
23.1; 0.5050783258537371; 1.0526953505769383
23.200000000000003; 0.23938450813106268; 1.296999448128712
23.3; 0.4578197572309068; 1.1751523624605085
23.400000000000002; 0.3780301422930109; 1.0604489953051779
23.5; 0.5593905402482087; 1.245949171792185
23.6; 0.6600968211114949; 1.0421242029103617
23.700000000000003; 0.7195726891550478; 0.9326853866715226
23.8; 0.6773065893530059; 1.1964832924323416
23.900000000000002; 0.7616931671665538; 1.3483252340422938
24; 0.760021550898536; 0.9755223375210452
24.1; 0.5622273337195907; 1.0634893159650007
24.200000000000003; 0.5356996502184599; 0.8078872573437574
24.3; 0.47433967660497556; 0.9093428180721896
24.400000000000002; 0.15961277678529612; 1.2722899931805343
24.5; 0.5054921534160142; 1.474625476266373
24.6; 0.36657965616121524; 1.288917708078408
24.700000000000003; 0.4291666711789868; 1.0634814974863693
24.8; 0.18007302733137018; 1.0579397217639352
24.900000000000002; 0.18809903450224016; 0.9405903979188671
25; 0.636877152664096; 1.3945267478853176
25.1; 0.42526240975674995; 1.8649536227865235
25.200000000000003; 0.3263658603389768; 2.6318369311435053
25.3; 0.5195546725405297; 2.6345344258120478
25.400000000000002; 0.4832024398801644; 2.4104479396307856
25.5; 0.579880718267317; 2.6960864783135907
25.6; 0.7983137922025795; 3.6027578944798506
25.700000000000003; 0.6004602641507851; 3.7537636937372936
25.8; 0.45798847503637885; 4.3148637292962215
25.900000000000002; 0.4863640605683695; 4.7053831373522765
26; 0.7158712320715868; 4.039208813473954
26.1; 0.587095210908923; 4.924268508908623
26.200000000000003; 0.6002862916738287; 5.013607935323475
26.3; 0.38367832631951854; 4.770710200211835
26.400000000000002; 0.5044150345470488; 4.79669280291842
26.5; 0.39322532392340137; 4.850460409222512
26.6; 0.6658437448097589; 5.010222190567221
26.700000000000003; 0.7550779243098655; 4.945357947387552
26.8; 1.0215708036312718; 4.698301399252683
26.900000000000002; 1.2635604951459192; 4.5697691620876615
27; 1.2809382684769066; 4.301555889660207
27.1; 1.364547009471109; 3.8441191576725653
27.200000000000003; 1.5436073278845421; 3.8885493315858635
27.3; 1.1362794255426363; 3.994398392410432
27.400000000000002; 1.4447305358455012; 4.340022666679517
27.5; 1.5492944882759374; 4.4620262494120455
27.6; 1.536898111447552; 4.77123615956439
27.700000000000003; 1.4973007996635368; 5.059094893878243
27.8; 1.2865914671426517; 5.2619789347443815
27.900000000000002; 1.3440854091264145; 5.193263437051223
28; 1.4223654392171767; 5.135812033466505
28.1; 1.2557564066068088; 4.872593187557687
28.200000000000003; 1.8066757355540015; 5.245305545296184
28.3; 2.3683752828760904; 5.710938699441921
28.400000000000002; 2.3893257939516173; 5.50538470803708
28.5; 1.448400131879268; 5.6884827378366385
28.6; 0.252760494355782; 5.635290975022124
28.700000000000003; 0.14612980382625157; 5.5003520936185
28.8; 0.36512643684688745; 5.568954595449672
28.900000000000002; 0.019094400832068512; 4.919490107609238
29; 0.28364473218482295; 4.993593591976316
29.1; 0.5581002285866326; 5.363435824258993
29.200000000000003; 0.05884616735337063; 4.657246499819073
29.3; 0.663554076720177; 4.261173517856385
29.400000000000002; 1.1161478770860689; 3.9720819769519684
29.5; 0.7444305686712188; 3.6595001133562635
29.6; 0.461410632766635; 3.611453511576464
29.700000000000003; 0.882016282909801; 3.423415180277976
29.8; 0.9728419081498569; 3.5581917507967216
29.900000000000002; 1.9488349278058383; 3.197320515320296
30; 2.3927859608950643; 2.670331750762135
30.1; 2.8624436715776516; 2.2160070598698822
30.200000000000003; 2.5896272709188093; 2.2755542027286233
30.3; 2.5140003654600065; 2.365875430248776
30.400000000000002; 1.4262686382456995; 2.63383670563472
30.5; 1.8883316068401848; 2.780852579276817
30.6; 1.3742109836589873; 3.2668487623663087
30.700000000000003; 1.3487193623738818; 2.808835886170078
30.8; 1.0051594940781685; 3.272338800991844
30.900000000000002; 1.684944349802474; 3.0479005530675596
31; 1.298882386605684; 3.346740495061961
31.1; 1.5169521322592856; 3.057100369186086
31.200000000000003; 1.9256878636608425; 2.8146437483520295
31.3; 1.6116919585794125; 2.881136252536022
31.400000000000002; 1.1436768773796406; 3.5996685311583403
31.5; 1.5636836531105847; 3.9651191717716703
31.6; 1.7894696886202703; 4.0857513471016285
31.700000000000003; 2.0290012677246176; 4.179959416145757
31.8; 1.5845733346345914; 4.5756686319101405
31.900000000000002; 1.3358939907316518; 4.90327465299887
32; 1.6967409498295216; 4.211121170561078
32.1; 1.9044627650882848; 3.571465429006396
32.2; 1.4359526589625278; 4.1578005163711715
32.300000000000004; 2.1085411875921944; 4.301895908671172
32.4; 1.8738466391272888; 4.481334681238268
32.5; 1.834595643352568; 4.220368578256386
32.6; 1.8588015467925103; 4.161550755832409
32.7; 1.326457778391286; 4.0139111351706305
32.800000000000004; 1.0033765080767412; 3.730311239660004
32.9; 0.3381051638029752; 4.258920207412152
33; 0.13423554296474718; 4.403005126839008
33.1; 0.37676899720554224; 3.649191955566203
33.2; 0.2689468508742777; 3.3702418420992584
33.300000000000004; 0.024489267304565417; 3.25408109837666
33.4; 0.13351554652524059; 3.2637773344594008
33.5; 0.055182920124159124; 3.2168543231341467
33.6; 0.20153800988220447; 3.475609548024727
33.7; 0.3980644212055522; 3.76768733931957
33.800000000000004; 0.16116528347778686; 3.709071833674584
33.9; 0.3807454320291005; 3.561905302373755
34; 0.4190755020952472; 3.835896669956737
34.1; 0.012716878008850708; 4.112217638445793
34.2; 0.06898502229821876; 4.0391743607642425
34.300000000000004; 0.1619502698679854; 3.9710268454651247
34.4; 0.17419901020125134; 3.949965582059592
34.5; 0.4919289685027742; 4.090260993351282
34.6; 0.4496054702243419; 4.225235096862538
34.7; 0.0022985062137200582; 3.91596100442015
34.800000000000004; 0.32029353294577767; 3.8934592843766733
34.9; 0.4845316905540137; 3.7838248150545755
35; 0.7631297686604656; 3.6791785721521233
35.1; 0.37704230407520084; 3.6544586857556083
35.2; 0.17995683751453523; 3.609161985904404
35.300000000000004; 0.048609417095354525; 3.6526329047232786
35.4; 0.3133921675647404; 3.4869467436489456
35.5; 0.4327204980933154; 3.449453733930336
35.6; 0.5569736431165448; 3.534657866599097
35.7; 0.36730131049265324; 3.6816652400452297
35.800000000000004; 0.601780790428384; 3.6241215445966946
35.9; 0.6208086660384114; 3.39020984804085
36; 0.498579105374073; 3.342558161795158
36.1; 0.7386308202165279; 3.2514592443936947
36.2; 0.5565539743049399; 3.3977997774571684
36.300000000000004; 1.0995229862446219; 3.1481204633663746
36.4; 1.0969132622044346; 3.0518869407263454
36.5; 1.1340547471441789; 3.1628733782085794
36.6; 1.2626510145986989; 3.063404647295825
36.7; 1.5353684146112747; 2.8487083228659027
36.800000000000004; 1.389001281597212; 2.8364677046658033
36.9; 1.2870098043622369; 2.911140298551745
37; 0.9984974306299543; 3.0070594081441007
37.1; 0.7500726365261595; 3.149999569215802
37.2; 0.586446520144644; 3.2934127862797347
37.300000000000004; 0.5178467736172467; 3.3594869316134135
37.4; 0.17995720813524493; 3.446713614081329
37.5; 0.19717419560541924; 3.478336564450414
37.6; 0.0686034088889971; 3.5311599490223746
37.7; 0.4929061139914944; 3.3798238100824216
37.800000000000004; 0.3259802946450669; 3.4288340990550554
37.9; 0.028825039272839966; 3.4744061357948146
38; 0.30584740891840967; 3.2973441480533983
38.1; 0.5204256474773737; 3.1082040192006546
38.2; 0.38934600185163243; 3.1654563337828145
38.300000000000004; 0.017972365526424176; 3.232663585539826
38.400000000000006; 0.33808018508270016; 3.1937758942310666
38.5; 0.387271656514737; 3.356764167056079
38.6; 0.5615463563986152; 3.397506127589022
38.7; 0.14369461885841636; 3.288455349407786
38.800000000000004; 0.07971633931132333; 3.1610115039180875
38.900000000000006; 0.2760329534056289; 3.2925805619836535
39; 0.14311075236603155; 3.21174266096494
39.1; 0.5888619573277419; 3.2137675529863508
39.2; 0.5702777716221764; 3.219511294029384
39.300000000000004; 0.43151490154695415; 3.131405898894935
39.400000000000006; 0.2821992843776696; 2.960614591939626
39.5; 0.6446505532775472; 3.277643506074334
39.6; 0.6522806260920238; 3.202920345131997
39.7; 0.7377865417905183; 3.337055921170974
39.800000000000004; 1.0007248775016668; 3.776232400910597
39.900000000000006; 0.7919441799035362; 3.544571968994558
40; 0.6340751170811904; 3.212240671241422
40.1; 0.3397114961812706; 2.8288589147179883
40.2; 0.22294028411888392; 2.734324829741078
40.300000000000004; 0.0759516052301468; 2.6495468336917622
40.400000000000006; 0.43062825068558663; 2.7389756365999753
40.5; 0.2754934803435245; 2.780484764196473
40.6; 0.34943632013608833; 2.798821584258869
40.7; 0.04349923467226821; 2.7294055526759595
40.800000000000004; 0.1031833106230216; 2.8343156232584064
40.900000000000006; 0.34467627147570096; 2.9247661542710173
41; 0.5676351733380375; 2.9295604842293153
41.1; 0.6246098954478696; 2.8926602750872763
41.2; 0.3606033393243895; 2.7606548757045934
41.300000000000004; 0.26243299307198453; 2.6727991462825984
41.400000000000006; 0.4173187160003505; 2.588367302661556
41.5; 0.45513478918240247; 2.5303213803282123
41.6; 0.5339445365158921; 2.567530869753547
41.7; 0.3040562775850841; 2.6210113173079277
41.800000000000004; 0.577220497302867; 2.8120123329718547
41.900000000000006; 0.8972541290189007; 2.702740689741014
42; 0.34400330697407827; 2.601976511907681
42.1; 0.6280880534111343; 2.740652055899217
42.2; 0.16433885229781467; 2.5693098365934195
42.300000000000004; 0.05227526148370522; 2.5704102999792395
42.400000000000006; 0.15815175017727864; 2.635778278971087
42.5; 0.09038364018626484; 2.6424763997802865
42.6; 0.13757212413957612; 2.4705528944540704
42.7; 0.1316291951020475; 2.3942282193572346
42.800000000000004; 0.03508306669270655; 2.3033382916047276
42.900000000000006; 0.06698762637533273; 2.463413564443505
43; 0.16798597722143038; 2.5982407571710877
43.1; 0.22545541800479668; 2.4442873621696157
43.2; 0.11185581594613532; 2.430701736595306
43.300000000000004; 0.17014313716673027; 2.3680917171821005
43.400000000000006; 0.08690867082112438; 2.2719032871846916
43.5; 0.1955331424345762; 2.3567834913903853
43.6; 0.19454264115936767; 2.3649576367562286
43.7; 0.22199283044138465; 2.3826093527322723
43.800000000000004; 0.3203618613185627; 2.3515734107807846
43.900000000000006; 0.24012438619568638; 2.365976903443029
44; 0.35520079883027417; 2.3620762319144992
44.1; 0.27542121549557125; 2.3675321631847264
44.2; 0.39119225741957503; 2.3615818957501085
44.300000000000004; 0.3997586645765594; 2.3613197688952643
44.400000000000006; 0.3345883569718136; 2.360416239030927
44.5; 0.29308709700400387; 2.3602927368562536
44.6; 0.12808861145038086; 2.3608140917202913
44.7; 0.08492817470036867; 2.3501398868058914
44.800000000000004; 0.14371032178482993; 2.339136735379621
44.900000000000006; 0.161864393447313; 2.344346993942004
45; 0.02393751252485285; 2.3596934810367736
45.1; 0.24186030632091057; 2.31271947666959
45.2; 0.14452223122731034; 2.27742649103411
45.300000000000004; 0.2755963235104715; 2.275743601852604
45.400000000000006; 0.20447145828740246; 2.2509290383388967
45.5; 0.006073747020731729; 2.235641407927874
45.6; 0.17208486243727744; 2.226514630504452
45.7; 0.08861414233787622; 2.222843484281583
45.800000000000004; 0.0782713628451516; 2.2114464590338714
45.900000000000006; 0.0005144442890973403; 2.203079114437994
46; 0.15610261694878833; 2.198586358549957
46.1; 0.10692739091542287; 2.1824388007030198
46.2; 0.21124978649226006; 2.154049523002464
46.300000000000004; 0.22587394970029534; 2.1507530405705153
46.400000000000006; 0.5320931134607108; 2.1418047250663457
46.5; 0.38191791734933406; 2.153831934165518
46.6; 0.42179830753321484; 2.151508835572181
46.7; 0.5058197328897851; 2.155211670128748
46.800000000000004; 0.5665362578262417; 2.1548702497701986
46.900000000000006; 0.44624943751079243; 2.1387404576789466
47; 0.44691058481612106; 2.139745925623991
47.1; 0.4582442286491004; 2.1247208281380705
47.2; 0.18242733220010043; 2.0685029462304643
47.300000000000004; 0.2706921236678214; 2.0717645420989528
47.400000000000006; 0.20376320101590298; 2.0546078182890435
47.5; 0.6640260290488026; 2.0731957757861643
47.6; 0.2974935207401417; 2.042563767615474
47.7; 0.42673515578975796; 2.0445621339106577
47.800000000000004; 0.06380308776895051; 2.0307178798169616
47.900000000000006; 0.05546941497580001; 2.0312972590243983
48; 0.17887797456943097; 2.0259896429421373
48.1; 0.3552390682883998; 2.010809084446925
48.2; 0.4236332664198631; 1.983450271010814
48.300000000000004; 0.8757890846098906; 1.9496957184883037
48.400000000000006; 1.3585908886757931; 1.8966925291158934
48.5; 1.591595961621814; 1.8877108640538394
48.6; 1.537100392832949; 1.885758245414267
48.7; 0.7926522306181565; 1.8853171922146115
48.800000000000004; 0.29337802402113555; 1.8954395363172425
48.900000000000006; 0.2679352275898678; 1.8973015591626297
49; 0.14502643865148826; 1.9007985776033287
49.1; 0.47181595158242734; 1.9061725888078702
49.2; 0.279858645271054; 1.9065241272367899
49.300000000000004; 0.027025378401345716; 1.9046518546516544
49.400000000000006; 0.16068699193389427; 1.9131128900224805
49.5; 0.09460339994195896; 1.9183954818787938
49.6; 0.12675492311214595; 1.914085045746033
49.7; 0.10751390408868987; 1.923337504504515
49.800000000000004; 0.08482553384998662; 1.9198567797032735
49.900000000000006; 0.09718355889277548; 1.9340824478805436
50; 0.1955495720664759; 1.9447761087330695
50.1; 0.44155318535230936; 1.9482605281896361
50.2; 0.156102590970461; 1.9381608080906085
50.300000000000004; 0.08088070520959151; 1.931153345056031
50.400000000000006; 0.137518920274215; 1.9262091652250226
50.5; 0.047129425680317034; 1.9298812692806446
50.6; 0.07661761198833958; 1.914732257302145
50.7; 0.5403819637996196; 1.9359229435646685
50.800000000000004; 0.062159920875587714; 1.9727225294847963
50.900000000000006; 0.10920584668324135; 1.9667417127303277
51; 0.22114648711376295; 1.9658030877485995
51.1; 0.9171743432570464; 1.96471391764506
51.2; 0.74123335911251; 1.9620644735609198
51.300000000000004; 0.3960622101460476; 1.9512316146325994
51.400000000000006; 0.31340124562252125; 1.937195377969549
51.5; 0.8476035146125119; 1.9667691727824148
51.6; 0.700845746888214; 1.951891141569645
51.7; 0.4369385428882446; 1.89154619740856
51.800000000000004; 1.006968972702533; 1.914291064970442
51.900000000000006; 1.3294995697495053; 1.9215418890178442
52; 1.6661874810933954; 1.791546360588316
52.1; 0.8182778160646228; 1.810825503322365
52.2; 0.7702328832399363; 1.8036006430521823
52.300000000000004; 1.1523806890439485; 1.6120917925880798
52.400000000000006; 1.6970769637361733; 1.611756102124032
52.5; 1.6218813399744012; 1.657217908610979
52.6; 1.2176448736408956; 1.7730159018039189
52.7; 1.8874998427841534; 1.7483361727510593
52.800000000000004; 1.7939416948278273; 1.9130661839160275
52.900000000000006; 1.6335115589170552; 1.9562610860030236
53; 1.518661080181244; 1.7962644768462026
53.1; 1.8405931174215064; 1.870678389013958
53.2; 1.3524360726679707; 1.906777183232659
53.300000000000004; 1.9715102417497208; 1.9499627894079055
53.400000000000006; 1.4861499491166603; 2.0265146165749464
53.5; 0.5740060885155172; 2.1495582132476985
53.6; 1.2923056841382128; 2.1432118774041937
53.7; 0.6479998172010829; 2.113210905172295
53.800000000000004; 0.8460746816431567; 2.15692594743482
53.900000000000006; 0.5778397906261603; 2.1188130072854636
54; 0.9812682467633179; 2.0857648439055367
54.1; 0.877339423153702; 2.039814692807539
54.2; 0.726926101842483; 2.0237888748885755
54.300000000000004; 0.5900944267731283; 2.054550308176157
54.400000000000006; 0.7785180168723826; 2.1140050081593245
54.5; 0.295702839175453; 2.152204696425334
54.6; 1.1739104761852377; 2.1157859328639606
54.7; 1.6398908026121712; 2.1220678077020594
54.800000000000004; 1.7835332329689628; 2.103327472594921
54.900000000000006; 1.8342379612198971; 2.102178835265918
55; 1.8212433368868113; 2.0912330820330527
55.1; 2.13318701824655; 2.08363797300102
55.2; 2.253287776323741; 2.0923497637847817
55.300000000000004; 2.312501886694713; 2.0897396762890486
55.400000000000006; 1.9292843781769062; 2.0947018763221954
55.5; 1.0857205272255281; 2.09118573463237
55.6; 0.03190643674062469; 2.088290796310816
55.7; 0.633854990103321; 2.0798668600773604
55.800000000000004; 0.43194715495062164; 2.0718639620563915
55.900000000000006; 0.664580778926681; 2.064463691865615
56; 0.6074348621155614; 2.05706557091202
56.1; 1.1750266563503537; 2.0524275920857042
56.2; 1.709519772643446; 2.0477885413639445
56.300000000000004; 1.4937848902255157; 2.0395174990379745
56.400000000000006; 0.5893365289557725; 2.0204544911257103
56.5; 0.08914029044434023; 2.0116427777280834
56.6; 0.3211017213766285; 2.0094348661018144
56.7; 0.8251578589221408; 2.0176019319966554
56.800000000000004; 0.7048054521873165; 2.01567410790042
56.900000000000006; 0.8584690480268223; 2.0200720233196705
57; 0.6411589148776591; 1.999284545860397
57.1; 0.6092406840963567; 2.0056377836573556
57.2; 0.12481444509473578; 1.971108770159184
57.300000000000004; 0.5137675759025324; 2.0007535679373483
57.400000000000006; 0.6085575721820193; 1.9999491985052045
57.5; 0.2144184867036964; 1.9318386509635594
57.6; 0.46393518924484284; 1.915194106091057
57.7; 0.30926762721006035; 1.9113804402126984
57.800000000000004; 0.4822437230685688; 1.906103423888144
57.900000000000006; 0.005180358966922417; 1.9028293387192614
58; 0.06202336746166722; 1.898448448098689
58.1; 0.5037887708635788; 1.895553914966229
58.2; 1.595546525608895; 1.8976006615587768
58.300000000000004; 2.251385409812847; 1.9044239112612777
58.400000000000006; 2.7877264816823693; 1.907888201853871
58.5; 2.5274884150177033; 1.910075762386026
58.6; 2.7531106284467723; 1.9122469801997808
58.7; 2.877430758661957; 1.910425477544554
58.800000000000004; 3.1766595019631065; 1.8855833336840904
58.900000000000006; 3.731805425523448; 1.8844340696052009
59; 3.125228122328225; 1.8704464337749054
59.1; 2.7708872276614347; 1.8601986710083172
59.2; 3.0205788191756318; 1.8565345305779097
59.300000000000004; 2.512260843752375; 1.8471087878249284
59.400000000000006; 2.7482637061769504; 1.8430564845142012
59.5; 2.8168042432784803; 1.8400014457980192
59.6; 2.61438707144375; 1.8281620378501624
59.7; 1.7704087870508178; 1.8103720769871645
59.800000000000004; 1.0605848495694428; 1.801107698272898
59.900000000000006; 0.9653705709209375; 1.8030500743812405
60; 1.6424754040015377; 1.8077714617499097
60.1; 1.2983937562495032; 1.7968791514794253
60.2; 1.196114748574578; 1.7892894990883284
60.300000000000004; 1.0997192900628394; 1.7840653135092464
60.400000000000006; 2.3306019769188566; 1.7916794371924645
60.5; 2.0621883352671615; 1.8300496438512082
60.6; 2.9234551335533427; 1.8653910493734085
60.7; 2.4980436397713084; 1.844161112176472
60.800000000000004; 2.225872289073701; 1.837184268461289
60.900000000000006; 3.154262283073317; 1.850461956148224
61; 3.0050857398473547; 1.8399376082104897
61.1; 2.0947285015498913; 1.814894379762703
61.2; 2.192772456413185; 1.813864961417734
61.300000000000004; 2.7233211009070932; 1.8160636526494767
61.400000000000006; 3.2001180313014514; 1.8214898537041568
61.5; 1.9695382543911626; 1.7968781471831257
61.6; 1.8061400069739653; 1.790392572212402
61.7; 1.9664156280766178; 1.785574988078923
61.800000000000004; 2.3395435310584975; 1.7830667782132532
61.900000000000006; 2.288802893372963; 1.7842854745250025
62; 2.901265490411793; 1.7912076938773007
62.1; 2.336047925507455; 1.7867384931560255
62.2; 2.671833715657045; 1.7860733565655018
62.300000000000004; 1.796089839774948; 1.7839711157718972
62.400000000000006; 1.7539008420757012; 1.767740893452703
62.5; 1.8208778163937753; 1.75207404795896
62.6; 1.6063033746561488; 1.7377845189290504
62.7; 1.276904875110865; 1.7230861462869247
62.800000000000004; 1.9688827970893417; 1.7201530426801426
62.900000000000006; 2.5453931417452003; 1.7194060696691151
63; 1.7136573478526143; 1.710386741496935
63.1; 0.8338451217495347; 1.7058912218523496
63.2; 0.8174965572635485; 1.70963627524686
63.300000000000004; 1.6013358463769813; 1.7204513387126619
63.400000000000006; 1.5185746470544703; 1.7189484434191704
63.5; 0.7783973080774073; 1.7100298120646555
63.6; 1.0552194405912392; 1.7133765662728504
63.7; 1.0746801813101605; 1.7181070857132086
63.800000000000004; 0.5843505912179804; 1.690140329325806
63.900000000000006; 0.8754307080086806; 1.7164115299541354
64; 0.21776099030118304; 1.6775555476635482
64.10000000000001; 0.6580330262333167; 1.7187608786053719
64.2; 0.7651835752894853; 1.7190471998933032
64.3; 0.8514864445745378; 1.7306934393439306
64.4; 0.8415920637293427; 1.7115565380123912
64.5; 0.18771457811953238; 1.6653590664219438
64.60000000000001; 0.16745289829213791; 1.6597294786240293
64.7; 0.8945547059745783; 1.641617046298266
64.8; 0.541458633868736; 1.6629443468062661
64.9; 0.47111925273766464; 1.6632658867390773
65; 0.6882173148104892; 1.642117211396482
65.10000000000001; 0.506150797156083; 1.6525658568534278
65.2; 0.4977707866791437; 1.646372457023593
65.3; 0.12027195081735668; 1.7217825418889858
65.4; 0.20092686440053595; 1.7224062122100472
65.5; 0.7590551335614131; 1.6104659062790123
65.60000000000001; 0.9529743093477069; 1.5961544587959107
65.7; 1.0140836361391756; 1.5778976423945859
65.8; 0.6820281349283119; 1.628823457744446
65.9; 1.2389301553717038; 1.5514562026789263
66; 1.0745695447166352; 1.5588758010216142
66.10000000000001; 1.4834437742185351; 1.5481536989271572
66.2; 0.2741904104563397; 1.6305466574487129
66.3; 1.1403930897356163; 1.5566747299334407
66.4; 1.431581332529076; 1.534061182298975
66.5; 0.9794470243485515; 1.5434534510905351
66.60000000000001; 0.9316936680229667; 1.5375423293263617
66.7; 1.358195238897898; 1.5322944969925398
66.8; 0.4896575014706954; 1.536178980296349
66.9; 0.9366717123951112; 1.5361450925320543
67; 2.5484592848062535; 1.529255905115278
67.10000000000001; 1.6102578613577465; 1.5376329171758585
67.2; 0.8892647984625769; 1.5127898915303812
67.3; 0.9957039748251296; 1.502644030408445
67.4; 0.24077505004328412; 1.5062272115367468
67.5; 0.1796109953345828; 1.5055945344063668
67.60000000000001; 0.4656458549992704; 1.506996430258681
67.7; 0.7461739303377399; 1.5076558274159868
67.8; 0.5616797914401793; 1.5049110444269598
67.9; 0.0491960965069145; 1.4964031013556387
68; 0.1988428882242477; 1.4897578205229063
68.10000000000001; 0.5904957865712395; 1.4808607044422393
68.2; 0.10355459813244083; 1.48071170574578
68.3; 0.7763753668429066; 1.4892858949888186
68.4; 0.6148972721335175; 1.4791852808920303
68.5; 1.086391988217031; 1.4943750131161035
68.60000000000001; 1.2496989237990708; 1.4991486455527823
68.7; 1.7989969816582074; 1.5100927483341946
68.8; 2.3477654404627626; 1.5151084782060111
68.9; 2.5164632143362065; 1.5153759662670754
69; 1.641994062772869; 1.5109774842917878
69.10000000000001; 2.143024876676004; 1.513484375493995
69.2; 1.9258159800665196; 1.5145866482277193
69.3; 2.0467556866650014; 1.5169857549731913
69.4; 2.6217917270628535; 1.5302601206545485
69.5; 1.8671954274731126; 1.512963522187531
69.60000000000001; 1.7975396347161061; 1.50343211384049
69.7; 1.4819069066903272; 1.498593059365424
69.8; 1.430005518499002; 1.4960522736008486
69.9; 1.9783867556641677; 1.526496147894971
70; 2.9304746174467082; 1.53260326585564
70.10000000000001; 3.5263575933742897; 1.5747586557156674
70.2; 3.681334559041751; 1.5515048043944342
70.3; 4.047271214932492; 1.5385028228911042
70.4; 3.5416065248154722; 1.553266114047264
70.5; 2.113206336707025; 1.479186479761436
70.60000000000001; 2.335914632537493; 1.457880943985613
70.7; 1.5629667965051148; 1.4413287016408733
70.8; 1.4883574590437294; 1.438843401189694
70.9; 1.9825910915429068; 1.4412866702670923
71; 1.4729295041321353; 1.4381926283201383
71.10000000000001; 1.0802826457628238; 1.4321095951890341
71.2; 1.8869367567316062; 1.4470301725413168
71.3; 2.4970586970078874; 1.450303109323107
71.4; 1.8715536302655613; 1.4498043256149162
71.5; 1.2690028421295765; 1.4494696139683627
71.60000000000001; 2.659809983589753; 1.4508389635587402
71.7; 3.4453215116917413; 1.455032311526738
71.8; 4.0986481209307986; 1.4583658929686412
71.9; 4.28521473936822; 1.4595517795253468
72; 4.411921513976438; 1.4639357314381949
72.10000000000001; 4.7265738487852715; 1.4662417457357715
72.2; 3.5730115916692373; 1.4544552602554481
72.3; 4.074486133365574; 1.4552904150853994
72.4; 3.723952859700472; 1.4486674231599337
72.5; 3.3847561142761156; 1.444350902675222
72.60000000000001; 2.765486100780687; 1.4387996434847068
72.7; 3.4126431993990063; 1.440735446406905
72.8; 3.8584830397341925; 1.4446801624059202
72.9; 3.9209546556929276; 1.4453341819467078
73; 3.63157071746135; 1.4345914932222852
73.10000000000001; 4.380437001808443; 1.461122816906514
73.2; 5.332482917499123; 1.4809925817992153
73.3; 5.693018815721196; 1.492008441131748
73.4; 5.4370085084638795; 1.4843203252628605
73.5; 4.665395441945055; 1.4598317446970583
73.60000000000001; 4.284871660436828; 1.4524137241726347
73.7; 4.544816683029881; 1.454900714713679
73.8; 4.968137615364449; 1.4544169310317667
73.9; 4.918760960339274; 1.4522031825828599
74; 5.193757736345061; 1.4541857821722792
74.10000000000001; 5.049021108362589; 1.449976133133585
74.2; 4.824033796147788; 1.4411557815829357
74.3; 5.142478716311187; 1.4508072461824801
74.4; 5.161494231166811; 1.4537553627932733
74.5; 5.264656756713076; 1.4600819257591273
74.60000000000001; 5.731094932299836; 1.4624617467570467
74.7; 5.480570926461307; 1.4635036632471787
74.8; 5.5084623989625365; 1.4807986227953904
74.9; 5.320660150133688; 1.481846722275676
75; 5.855719062933427; 1.4835814371184644
75.10000000000001; 6.169650916866711; 1.4847084279713372
75.2; 6.445271914621406; 1.4834830292599208
75.3; 6.186980949113939; 1.4792731741283067
75.4; 6.406490434999194; 1.4811623083035497
75.5; 6.42978384119998; 1.4821330883230557
75.60000000000001; 6.470727482395245; 1.482357868200477
75.7; 6.343172655946839; 1.4723431336313468
75.8; 6.239809774851934; 1.4701429417645022
75.9; 6.373669290477418; 1.4553663046114103
76; 6.183913867380733; 1.4585594970984421
76.10000000000001; 6.087149967567803; 1.46021533819772
76.2; 6.257269700840492; 1.490250014050275
76.3; 6.004757401698959; 1.428978290182432
76.4; 6.239888143229294; 1.4592316203798534
76.5; 6.0482111133176595; 1.4561682221459558
76.60000000000001; 5.998616242907179; 1.4448692132998997
76.7; 5.899144665073798; 1.43987516926828
76.80000000000001; 5.635163515938592; 1.43476983951831
76.9; 5.556313564282135; 1.4030286090267305
77; 5.7735207091603815; 1.4028445047047382
77.10000000000001; 5.895589672932898; 1.4563159206333882
77.2; 6.009391873721774; 1.4889524284785587
77.30000000000001; 5.941308917658757; 1.4428225996826605
77.4; 6.121853113768464; 1.5363560146311241
77.5; 5.84316084998275; 1.4334879644024896
77.60000000000001; 6.034681074043125; 1.4745160619414164
77.7; 5.916892662935677; 1.408300188801159
77.80000000000001; 5.617125780006181; 1.3258874375351035
77.9; 5.705225723823244; 1.3774462391260465
78; 5.841155723170558; 1.4309969413549912
78.10000000000001; 5.574894878003685; 1.382847938692475
78.2; 5.565483661175023; 1.3452282542519072
78.30000000000001; 5.504705476529097; 1.3162219487026987
78.4; 5.406238108103657; 1.2709040747777556
78.5; 5.548368127128131; 1.3124922822861653
78.60000000000001; 5.468171749085072; 1.2649718882326526
78.7; 5.389875501558203; 1.2998455820139863
78.80000000000001; 5.465981509786141; 1.3169729398350123
78.9; 5.591738950453369; 1.3257201275933266
79; 5.7054698198091565; 1.3250811245593561
79.10000000000001; 5.919865500963971; 1.3290741940569049
79.2; 5.791761592546065; 1.324678057215815
79.30000000000001; 5.8844862673013285; 1.3290534042800914
79.4; 5.910911870264651; 1.3293312074840917
79.5; 5.912553229505138; 1.329574529665775
79.60000000000001; 5.930693439635662; 1.329976767054925
79.7; 5.76366164986539; 1.3197797043169697
79.80000000000001; 5.912011948594042; 1.319929815401595
79.9; 5.806263363669393; 1.3155109981137292
80; 5.892773158089916; 1.3150067394775866
80.10000000000001; 5.915669148636256; 1.3145153990097584
80.2; 5.936909711825487; 1.3126661064508873
80.30000000000001; 5.731638707541979; 1.3060117006239025
80.4; 5.761040666999026; 1.309876659778883
80.5; 5.781497796436869; 1.3139053718914828
80.60000000000001; 5.770844012136278; 1.3159544548986974
80.7; 5.674111945968785; 1.3020486777700357
80.80000000000001; 5.574236560464598; 1.2923040317641983
80.9; 5.48598784929156; 1.2890295562624843
81; 5.48135904462707; 1.2802676737041536
81.10000000000001; 5.393921728502971; 1.2822175489253511
81.2; 5.348742919965953; 1.2453011906821099
81.30000000000001; 5.289907302079676; 1.2437700972490136
81.4; 5.243785572456789; 1.2605138850803925
81.5; 5.061226414562277; 1.215372254820324
81.60000000000001; 4.868139945996791; 1.179044798304188
81.7; 5.079817593253867; 1.2067743981571777
81.80000000000001; 5.077762352850963; 1.2100319157438948
81.9; 5.076481840201198; 1.2109903104800628
82; 5.049122278153325; 1.2115487777619058
82.10000000000001; 5.069131551172621; 1.213466574547493
82.2; 5.054647178037794; 1.2136691632345236
82.30000000000001; 5.041604555636196; 1.2105695101702372
82.4; 5.088533645201046; 1.2132910465754632
82.5; 5.078737852398942; 1.2115276630272778
82.60000000000001; 5.059391563768105; 1.2057106595459157
82.7; 5.058099961519672; 1.2041989768652974
82.80000000000001; 5.0486589778381115; 1.1980909408867133
82.9; 5.060544763536268; 1.205306106943895
83; 5.050448919984325; 1.1996076817105414
83.10000000000001; 5.059383788120308; 1.1881415552652954
83.2; 5.04773195433817; 1.1862454946007197
83.30000000000001; 5.022473490880743; 1.2148625049739323
83.4; 5.042742797382579; 1.2133392542633785
83.5; 5.034751781571601; 1.1907792984215002
83.60000000000001; 5.035520958222669; 1.2019347988395486
83.7; 5.032740089785718; 1.1963717353028693
83.80000000000001; 5.031055241844059; 1.1700280857313072
83.9; 5.031609891532984; 1.1721207386005184
84; 5.042189251189984; 1.1776656637191372
84.10000000000001; 5.040739848025242; 1.1792281805605735
84.2; 5.042490143191579; 1.1742318470071726
84.30000000000001; 5.034687844844067; 1.172118188867058
84.4; 5.005915919025226; 1.1683808667268487
84.5; 5.002117426556107; 1.171176104482653
84.60000000000001; 4.985691986876584; 1.1734842627191635
84.7; 4.988251214330261; 1.1487615863557956
84.80000000000001; 4.9830884298848135; 1.1507709889070825
84.9; 4.981066647362163; 1.1485814045286913
85; 4.964738565754803; 1.1300161847919508
85.10000000000001; 4.948713750839536; 1.1289992478999558
85.2; 4.958870819735057; 1.1395145213953812
85.30000000000001; 4.883906343384374; 1.1351013238322418
85.4; 4.912510884314548; 1.1436976959186722
85.5; 4.859892945908022; 1.1278769431808267
85.60000000000001; 4.890211251945711; 1.1564513688915432
85.7; 4.913291174443081; 1.1409254065701004
85.80000000000001; 4.9921332024786995; 1.1778559290513728
85.9; 5.028694507638848; 1.2216360054211035
86; 5.058396604475544; 1.2616578630048165
86.10000000000001; 5.0790688084669755; 1.2989693570910652
86.2; 5.134639409502185; 1.2842956570734583
86.30000000000001; 5.171122278823223; 1.2965159070169217
86.4; 5.240829368079757; 1.3399261994938725
86.5; 5.106870482552452; 1.3916259166060494
86.60000000000001; 5.006370035279925; 1.4441230722158676
86.7; 5.0201356130392085; 1.382767130325846
86.80000000000001; 5.0537111228362095; 1.4186029184044673
86.9; 5.046311637751497; 1.4264606072598265
87; 5.051311689827649; 1.4078438271264275
87.10000000000001; 4.875951787118611; 1.4034614036421456
87.2; 4.844701086445327; 1.3701086093239285
87.30000000000001; 4.916304572977474; 1.3931725832438817
87.4; 4.890906315870532; 1.3856425354941617
87.5; 4.790012125388253; 1.3170521484781925
87.60000000000001; 4.817912284575896; 1.334016633055638
87.7; 4.662513305067904; 1.281381390454998
87.80000000000001; 4.6745030581845235; 1.2553215621444551
87.9; 4.614446265433433; 1.279120817649607
88; 4.485302129173586; 1.2789752572822606
88.10000000000001; 4.47057125927346; 1.28543086344944
88.2; 4.400282138816311; 1.2811347693379818
88.30000000000001; 4.385742259658429; 1.320297650264542
88.4; 4.421312971640552; 1.310181287816625
88.5; 4.374705950943328; 1.3062743052752943
88.60000000000001; 4.314750101996335; 1.2950153901084933
88.7; 4.272290092852457; 1.3087420316773346
88.80000000000001; 4.220660129201289; 1.2691908277810704
88.9; 4.29537626907563; 1.2774078588815014
89; 4.2347800967859195; 1.2715190069190778
89.10000000000001; 4.152347602451201; 1.1511475336286374
89.2; 4.118275059869615; 1.125331466469938
89.30000000000001; 4.128748509135611; 1.0449146121041655
89.4; 4.0828946216107; 1.0892775307344216
89.5; 4.093787576568616; 1.1132731809673069
89.60000000000001; 4.0841864045379115; 1.1782766008988812
89.7; 4.040339225875208; 1.090995611700028
89.80000000000001; 4.073453494980055; 0.991456851795101
89.9; 4.1051020536239955; 1.1098944623295353
90; 4.2551701322605595; 1.2240342751450652
90.10000000000001; 4.19629434175333; 1.1601519200334371
90.2; 4.263177522848757; 1.168976664253818
90.30000000000001; 4.304226979136008; 1.1327253207364634
90.4; 4.384406158261818; 1.1282006414863675
90.5; 4.458450135698508; 1.2768916132659516
90.60000000000001; 4.525984117775448; 1.5298169418875298
90.7; 4.4691050488824935; 1.3241316854692646
90.80000000000001; 4.570225745496334; 1.5614962991557932
90.9; 4.496108238558806; 1.5832533784994325
91; 4.611546133722979; 1.708401367725708
91.10000000000001; 4.520590342701693; 1.7440069701042638
91.2; 4.372792930867173; 1.5231373099895018
91.30000000000001; 4.354554815070976; 1.777286048870475
91.4; 4.445222100594651; 1.8948165220848494
91.5; 4.4163468984500245; 1.9448548874888134
91.60000000000001; 4.274588062708073; 1.8554057872560525
91.7; 4.2332356231691906; 1.6641919176910085
91.80000000000001; 4.2507167634786; 1.7145264826312199
91.9; 4.23866053202503; 1.7020402079998849
92; 4.271692962539724; 1.80254807690948
92.10000000000001; 4.167557527568756; 1.4937328297073056
92.2; 4.221715412962597; 1.717554526204824
92.30000000000001; 4.295634307406898; 2.09206116271831
92.4; 4.301703134547922; 2.362366525027377
92.5; 4.399528566363489; 3.1314375330774746
92.60000000000001; 4.4417387338579815; 3.0606209206631956
92.7; 4.5386723647757385; 3.4621496562814267
92.80000000000001; 4.558803682407324; 3.7133516567675198
92.9; 4.535794825554025; 3.476274724055909
93; 4.498849490183145; 3.4276881186024823
93.10000000000001; 4.585624034862871; 4.019029749778476
93.2; 4.559095521331091; 3.8244841102517535
93.30000000000001; 4.54861574049462; 3.683680102369484
93.4; 4.616247973917176; 4.015088614326388
93.5; 4.624553506621631; 4.023759324376683
93.60000000000001; 4.613997226324075; 4.023810593408358
93.7; 4.592779747346986; 3.989467086341
93.80000000000001; 4.547750212726089; 3.6560811938261133
93.9; 4.544989195872094; 3.675754603637915
94; 4.562086708723102; 3.817024427836296
94.10000000000001; 4.644260682223251; 4.391365644733426
94.2; 4.634355647317388; 4.357674263192337
94.30000000000001; 4.623925478337087; 4.338534750734607
94.4; 4.583832616399965; 4.289907361281198
94.5; 4.582504952419382; 4.273255896267384
94.60000000000001; 4.596607150679794; 4.397402197148225
94.7; 4.604739277890277; 4.403895410126416
94.80000000000001; 4.617961949702722; 4.687272165459251
94.9; 4.647419245786337; 4.9967036831010745
95; 4.5673995311101585; 4.737502571258641
95.10000000000001; 4.476951961069448; 4.243193306024029
95.2; 4.510226856494835; 4.265006098511628
95.30000000000001; 4.513086111276915; 4.214202530428198
95.4; 4.544143607491665; 4.417628003881566
95.5; 4.481621557769492; 4.481297437689018
95.60000000000001; 4.50029912430758; 4.899214043708073
95.7; 4.525756917191469; 5.073752762457245
95.80000000000001; 4.476395285063535; 4.8026652057058605
95.9; 4.412676756064925; 4.56963776049964
96; 4.4610128132203295; 4.773585353463581
96.10000000000001; 4.376569621557601; 4.22401722167051
96.2; 4.293444803461125; 3.5804303095050045
96.30000000000001; 4.290011669028522; 3.5756484962870694
96.4; 4.267467190376194; 3.337565131217128
96.5; 4.2683392707121675; 3.3511005034388197
96.60000000000001; 4.423147127501807; 3.797275442307186
96.7; 4.480900700658237; 4.006634929544776
96.80000000000001; 4.4824289123062915; 4.075546961413085
96.9; 4.480710949866083; 4.088595219707961
97; 4.422426742004855; 3.8198752963497316
97.10000000000001; 4.410302396367287; 3.790428381233561
97.2; 4.3642016315811905; 3.597453869527378
97.30000000000001; 4.344073843205401; 3.5113973365134314
97.4; 4.305428745409193; 3.323525107623186
97.5; 4.291931111272942; 3.2842250572452976
97.60000000000001; 4.2893174041668045; 3.3531517939215134
97.7; 4.291048796276743; 3.4734880051134875
97.80000000000001; 4.290066574207253; 3.6819371708702504
97.9; 4.282131768564217; 3.6273575460609013
98; 4.282977226435839; 3.946242402546858
98.10000000000001; 4.284401129174075; 3.889584886289116
98.2; 4.281898700548913; 3.6355870366356604
98.30000000000001; 4.268893158140025; 3.2372934288282544
98.4; 4.263311997771859; 3.1939669988278006
98.5; 4.2216409793719984; 2.8548393769064075
98.60000000000001; 4.232096542668532; 2.8868996310955453
98.7; 4.221599071901692; 2.8165372750409676
98.80000000000001; 4.184941948784694; 2.6103653652982697
98.9; 4.1725634244306145; 2.5308430633264276
99; 4.164156332299036; 2.5049192246749445
99.10000000000001; 4.13131847627686; 2.395037466339634
99.2; 4.130826965299463; 2.4516151433303617
99.30000000000001; 4.104319477272615; 2.062992670891716
99.4; 4.047452924849684; 1.5147594499594115
99.5; 4.065886232759075; 1.7599496836148734
99.60000000000001; 4.049216311025938; 1.5796802003036916
99.7; 4.016345115391898; 1.3772265052433996
99.80000000000001; 4.018254261375485; 1.3974517498543035
99.9; 4.009910863878631; 1.3050465437073369
100; 4.00591510735211; 1.3131960170436874
