0.1; 3; 2.999719939858701; -2769.8692751955473
0.2; 3.0001999998666666; 2.999768120465142; -1430.1347209732367
0.30000000000000004; 3.0005999988000007; 3.001238160811445; 9863.345978783986
0.4; 3.001199995200007; 3.0017725469102072; -773.630065146642
0.5; 3.001999986666701; 3.002297640660576; -2348.72135148299
0.6000000000000001; 3.0029999700001175; 3.0019250574791068; -9989.210253834488
0.7000000000000001; 3.004199941200325; 3.0019779390254753; -7081.244937298622
0.8; 3.00559989546744; 3.002426225604567; -4824.078034433758
0.9; 3.007199827201647; 3.0053195858221406; 7571.534630797421
1; 3.0089997300032216; 3.0085663690200204; 6962.635396784343
1.1; 3.010999596672555; 3.0117049824356448; 4457.794768594859
1.2000000000000002; 3.0131994192101828; 3.0151805267194183; 4143.384684650564
1.3; 3.015599188816818; 3.0227959892209766; 15284.13021387986
1.4000000000000001; 3.0181988958933856; 3.0251672397978715; -1953.5387944291526
1.5; 3.020998530041061; 3.03012667646398; 3868.150250511592
1.6; 3.0239980800613107; 3.038527224435038; 9617.494978914503
1.7000000000000002; 3.0271975339559387; 3.034549184693096; -14207.10150310145
1.8; 3.030596878927134; 3.037320541400137; -1673.7258613338952
1.9000000000000001; 3.0341961013775207; 3.03636632350384; -6689.578454496597
2; 3.0379951869102144; 3.0450928728337936; 5555.788073195237
2.1; 3.041994120328878; 3.0591994005649963; 9894.80754370825
2.2; 3.0461928856377827; 3.074300026436914; 8868.807818514062
2.3000000000000003; 3.0505914660418734; 3.08681327970083; 4841.621072598996
2.4000000000000004; 3.0551898439468337; 3.1113742567731077; 12112.886415264175
2.5; 3.0599880009591587; 3.1074742111492375; -7354.011199956282
2.6; 3.0649859178862267; 3.1412401252184616; 14264.707440898957
2.7; 3.0701835747363764; 3.1510844219118823; -16.813746982212514
2.8000000000000003; 3.0755809507189875; 3.1761008059901092; 6808.525552682585
2.9000000000000004; 3.081178024244563; 3.2077954395082706; 8576.045302678238
3; 3.0869747729248167; 3.2730644368766937; 18066.89830456513
3.1; 3.092971173572761; 3.251969051656864; -11548.658996534788
3.2; 3.0991672022028016; 3.320807228901704; 16002.701060675068
3.3000000000000003; 3.1055628340308323; 3.3239896095499946; -3834.3009728334423
3.4000000000000004; 3.112158043474335; 3.320041473111134; -4271.49754349609
3.5; 3.1189528041524794; 3.3436991106270146; 1207.6838709078982
3.6; 3.1259470888862326; 3.3327765931272983; -6465.729549793405
3.7; 3.133140869698465; 3.297489902405238; -9487.82428312102
3.8000000000000003; 3.1405341178140627; 3.385876389570262; 11301.931373552936
3.9000000000000004; 3.1481268036600434; 3.3596568974544136; -5771.504655654249
4; 3.1559188968656735; 3.3423086349406192; -2742.4363000612316
4.1000000000000005; 3.163910366262591; 3.333933860124666; -3943.0751534277274
4.2; 3.1721011798849283; 3.3607860460311163; 2622.742633938132
4.3; 3.1804913049694425; 3.5372584335070214; 15899.086063997825
4.4; 3.189080707955644; 3.4768198323343333; -6620.551539376244
4.5; 3.1978693544859325; 3.5221894453560108; 1567.8344367449752
4.6000000000000005; 3.2068572094057335; 3.5158122789055097; -1430.2434513337187
4.7; 3.2160442367636395; 3.2303263341687942; -23573.053269272503
4.800000000000001; 3.225430399811553; 3.4125244943174446; 9856.611892419422
4.9; 3.2350156610048346; 3.4130831473849534; -1866.5686988529014
5; 3.2447999820024522; 3.2380649333101363; -10856.327508573688
5.1000000000000005; 3.254783323667135; 3.4601989080149953; 10295.596252766423
5.2; 3.2649656460655296; 3.4749187570131057; -2882.346986230871
5.300000000000001; 3.27534690846836; 3.424303140323301; -4452.864021883918
5.4; 3.28592706935059; 2.9433154051718287; -19820.577835198288
5.5; 3.296706086391591; 2.627578774639303; -12347.58809956981
5.6000000000000005; 3.3076839164753085; 2.497313601483184; -2117.413082335287
5.7; 3.318860515690437; 2.9395860888564216; 16338.052918632375
5.800000000000001; 3.3302358393305944; 3.1283368590494596; 9160.931776404528
5.9; 3.3418098418945017; 3.1564462804130615; 945.5911125546547
6; 3.3535824770861637; 3.086101052815146; -2165.727852599114
6.1000000000000005; 3.3655536978150558; 3.5832784660777666; 12347.725234185405
6.2; 3.3777234561963105; 3.3854509530112735; -4835.641615900221
6.300000000000001; 3.390091703550911; 3.4199551889711803; -644.3030408767789
6.4; 3.402658390405884; 3.780628046497922; 9137.675864790142
6.5; 3.4154234664944987; 3.9473012964249503; 4434.2898979794845
6.6000000000000005; 3.4283868807564684; 3.661026015795457; -7547.635034498349
6.7; 3.441548581338153; 3.8985618367161448; 3987.039370568482
6.800000000000001; 3.4549085155927672; 4.411521737136957; 10065.891008076862
6.9; 3.4684666300805924; 4.360411277134386; -2021.9169642942138
7; 3.482222870569189; 4.639502589868203; 4175.526786459284
7.1000000000000005; 3.4961771820336125; 4.112538890151177; -10027.070162747308
7.2; 3.5103295086566364; 4.603336533326254; 8509.292455342189
7.300000000000001; 3.5246797938289727; 4.390178981821797; -4667.584889244199
7.4; 3.5392279801495; 3.4681916285113252; -11588.000333606404
7.5; 3.5539740094254926; 5.6671933178029645; 26319.209511932164
7.6000000000000005; 3.5689178226728524; 4.693241011051182; -15064.39688756054
7.7; 3.584059360116347; 4.267197550250009; -7500.197778174685
7.800000000000001; 3.5993985611898465; 4.924623403956819; 7349.205498520284
7.9; 3.614935364536567; 4.456512332224031; -5068.518968525621
8; 3.630669708009316; 5.720341210469508; 15153.47754708666
8.1; 3.646601528670741; 5.908233600270817; -2058.049668813405
8.200000000000001; 3.6627307627935797; 5.459366650961211; -10374.19075326265
8.3; 3.6790573458609175; 3.7721556055666907; -12817.7744167118
8.4; 3.6955812125664442; 4.930557483315521; 10479.107357494935
8.5; 3.712302296814715; 4.027994145539903; -4463.54731719921
8.6; 3.729220531721414; 4.226025605771701; 3973.2519439805615
8.700000000000001; 3.746335849613626; 2.4236069240561644; -14452.579575782744
8.8; 3.763648182030101; 0.4972464643996548; -13999.660463919312
8.9; 3.7811574597215327; 0.03930492274115732; -1102.6889324721226
9; 3.798863612650834; 0.6829415361976666; 4244.165439017822
9.1; 3.8167665699934163; -0.7746814761619384; -4795.524178740367
9.200000000000001; 3.8348662601374746; -3.961166199237555; -18626.78981446171
9.3; 3.8531626106842722; -2.042748518607418; 12790.062517737639
9.4; 3.871655548448431; 0.09544292342183347; 13518.335504044331
9.5; 3.8903449994582253; -0.8795175121080796; -5225.669012877992
9.600000000000001; 3.9092308889558756; -2.277049748831131; -6618.85747444733
9.700000000000001; 3.9283131413978487; -1.5224459082340775; 4425.727156123901
9.8; 3.9475916804551607; -3.7319033193744335; -11387.24440017132
9.9; 3.967066429013681; -5.4649568009985305; -8850.21881196424
10; 3.9867373091744414; -8.40757965140574; -15580.743861601839
10.100000000000001; 4.006604242253948; -9.663515884690558; -7126.403296962724
10.200000000000001; 4.026667148784494; -7.82385857163354; 11755.16417116491
10.3; 4.04692594851448; -7.301013448474567; 3228.2286241900943
10.4; 4.067380560408735; -5.544505123966172; 11481.79989562576
10.5; 4.088030902648838; -4.492240464187502; 7159.892362459722
10.600000000000001; 4.1088768926334485; -4.756233559864568; -1550.9749000065644
10.700000000000001; 4.129918446978633; -5.882369319830524; -7018.864012832277
10.8; 4.151155481518202; -6.429932533022132; -4046.4232992295383
10.9; 4.172587911304047; -7.866517369940586; -8244.85093312496
11; 4.194215650606478; -9.057534437665643; -7329.666133011806
11.100000000000001; 4.216038612914565; -7.843818710196302; 4757.011256366555
11.200000000000001; 4.238056710936488; -8.885025017683391; -10782.56611829682
11.3; 4.260269856599884; -7.6856533639542075; 11044.751921114283
11.4; 4.282677961052202; -8.31589642815566; -7644.273353963997
11.5; 4.305280934661052; -9.32316937434337; -14814.540084289414
11.600000000000001; 4.328078687014571; -7.6895743371425915; 10569.832946194934
11.700000000000001; 4.351071126921779; -7.985129086484707; -5531.280495920124
11.8; 4.374258162412947; -6.912893193909641; 8639.261723214784
11.9; 4.3976397007399655; -5.059297708953711; 23896.03299988625
12; 4.421215648376711; -5.2005898010748135; -1627.5585301750232
12.100000000000001; 4.444985911019424; -4.122000865476098; 6049.8993845159275
12.200000000000001; 4.468950393587087; -4.866939087880538; -1353.7088884135414
12.3; 4.493109000221801; -5.140683627747246; -3305.523408833524
12.4; 4.517461634289171; -5.081193968395185; 1276.3825337826397
12.5; 4.542008198378695; -7.578593964419594; -18297.70907752435
12.600000000000001; 4.566748594304147; -8.030942622334356; 1299.4453951677667
12.700000000000001; 4.591682723103977; -10.573341762161128; -13836.245617958673
12.8; 4.616810485041705; -11.342352512028935; -7536.819243652999
12.9; 4.642131779606315; -8.998591019379505; 21453.849440126167
13; 4.667646505512662; -8.09420443854798; 3364.397921814088
13.100000000000001; 4.693354560701878; -8.569066592375702; -7818.028949232445
13.200000000000001; 4.719255842341775; -8.869029157030939; -507.773292781529
13.3; 4.745350246827262; -9.635121210847931; -13192.662002191493
13.4; 4.771637669780755; -9.133864583655821; -140.0261921492173
13.5; 4.798118006052599; -8.016499367520334; 532.8157454985941
13.600000000000001; 4.824791149721482; -9.664028764730721; -1231.526084384869
13.700000000000001; 4.851656994094865; -9.835730311880136; 7788.201801840017
13.8; 4.878715431709408; -10.78449405259593; -17422.752804198648
13.9; 4.9059663543313965; -10.182172222092895; -11018.336000751893
14; 4.933409652957175; -10.315601465024661; -973.4659819268688
14.100000000000001; 4.961045217813586; -10.408857475983094; 8434.472820224564
14.200000000000001; 4.988872938358408; -10.677257761622364; -2774.4436828019425
14.3; 5.016892703280794; -10.944458661679048; 6259.948359767148
14.4; 5.045104400501724; -10.649093478567973; -19233.305692721795
14.5; 5.073507917174444; -11.010637636621164; 119.86362687522616
14.600000000000001; 5.102103139684928; -10.984182041007362; -21848.837926902317
14.700000000000001; 5.130889953652322; -10.73202735322718; 1603.440588381626
14.8; 5.1598682439294095; -10.834374503856196; 373.89228793918045
14.9; 5.189037894603068; -10.770845028405924; -5075.330970756431
15; 5.218398788994733; -10.670087840143552; 3721.9436436586434
15.100000000000001; 5.247950809660868; -10.515212643369345; -2986.600415659007
15.200000000000001; 5.277693838393427; -10.214079777361452; 14976.401040656874
15.3; 5.307627756220336; -10.171289149887766; -14889.48168496671
15.4; 5.337752443405964; -10.192922779543922; -618.6155041426915
15.5; 5.368067779451603; -10.120617044946558; -11747.255701129536
15.600000000000001; 5.398573643095947; -9.908296194314847; -14530.74563754247
15.700000000000001; 5.429269912315584; -9.638027399155792; 5973.019587922714
15.8; 5.460156464325477; -9.65374978576992; -10442.785895361734
15.9; 5.49123317557946; -9.4540554121159; 2700.98172797034
16; 5.522499921770729; -9.548422340078183; -16375.711572858496
16.1; 5.5539565778323405; -9.849948610728648; -32197.942058242985
16.2; 5.585603017937713; -9.953662891458453; -12304.718626159884
16.3; 5.617439115501128; -9.764350085726026; 6064.380853966597
16.400000000000002; 5.649464743178237; -9.320794049987327; 14376.009505464639
16.5; 5.681679772866573; -9.428403328010035; -7465.471130766011
16.6; 5.71408407570606; -9.132485871294087; 6159.084787325685
16.7; 5.746677522079529; -8.975583728228269; 3277.099684563714
16.8; 5.779459981613239; -8.136977473774962; 21718.632571745035
16.900000000000002; 5.812431323177395; -8.059794683796111; 441.94199746359425
17; 5.845591414886675; -8.278309247990242; -8944.153582598039
17.1; 5.878940124100756; -8.129404498427853; -605.8692254618024
17.2; 5.912477317424846; -7.402255057498242; 13748.896087875135
17.3; 5.946202860710217; -5.6635206115641115; 21643.12030357405
17.400000000000002; 5.98011661905474; -5.62090539155331; -435.15132599621603
17.5; 6.014218456803427; -6.639538587543713; -23553.295364452126
17.6; 6.048508237548972; -6.2385273232370375; 14773.898988936682
17.7; 6.082985824132298; -6.3419927954059; 972.1518490924361
17.8; 6.117651078643106; -6.103122464620807; 6746.462838491624
17.900000000000002; 6.152503862420422; -5.776547147796517; 4768.286805488122
18; 6.187544036053158; -5.888361888073219; 2874.059303538168
18.1; 6.222771459380667; -6.245690367659695; -8234.637881766534
18.2; 6.258185991493302; -6.732131601074528; -914.7797068878616
18.3; 6.293787490732982; -5.8432979436980315; 14091.483953372586
18.400000000000002; 6.329575814693758; -6.40162660569574; -14238.94325338832
18.5; 6.365550820222381; -6.0053320289551335; 11284.893380403719
18.6; 6.401712363418878; -5.499919390908848; 5339.168604701538
18.7; 6.438060299637123; -6.321840288695945; -12427.996984501518
18.8; 6.47459448348542; -6.861023815568635; -4241.251564699531
18.900000000000002; 6.511314768827083; -6.823124006678429; 1393.2291906585826
19; 6.548221008781019; -5.715116493636761; -5046.305262550647
19.1; 6.585313055722318; -5.207306380444296; 4617.848440714448
19.200000000000003; 6.62259076128284; -4.50698293747977; 7744.936244825741
19.3; 6.660053976351814; -0.7774917297973496; 19509.103258229545
19.400000000000002; 6.697702551076429; -0.24555982052710612; 15489.76655688364
19.5; 6.735536334862438; 0.4167289464532887; 2918.628302457212
19.6; 6.773555176374754; 0.5974597071249789; -974.6844758491785
19.700000000000003; 6.811758923538063; -1.25742911954757; -21862.42578971667
19.8; 6.850147423537427; -3.8136744947989465; -10549.947014214751
19.900000000000002; 6.888720522818897; -2.7831954965672416; 17522.44187312121
20; 6.927478067090127; -1.5217266755121832; 3934.132085972952
20.1; 6.966419901320992; -1.3077102336953799; -6973.92227994701
20.200000000000003; 7.005545869744207; -0.9163627113786976; 10919.093468023806
20.3; 7.044855815855951; -1.5027978466509955; -1160.7146131830286
20.400000000000002; 7.084349582416491; -1.585611471334927; -5041.809484523747
20.5; 7.1240270114508135; -0.5271444454520224; 22709.43637554762
20.6; 7.163887944249256; -0.6521768913685974; 3006.3939370007356
20.700000000000003; 7.20393222136814; -0.4433555976965957; 18848.932005379524
20.8; 7.24415968263041; -0.632639979259532; 7876.184958879538
20.900000000000002; 7.284570167126275; -0.9629806194721464; 2920.524852671757
21; 7.325163513213852; -1.0063807217676135; 5842.61374304454
21.1; 7.365939558519809; -1.116505105444139; 4855.284549817999
21.200000000000003; 7.40689813994002; -1.0260128326224653; 8805.473814906325
21.3; 7.448039093640214; -1.0715865099320752; 3547.6792606272634
21.400000000000002; 7.489362255056631; -0.9435726278936631; 14688.247748856764
21.5; 7.5308674588966795; -0.7873372225849316; 16832.17795615238
21.6; 7.572554539139601; -0.831262212529853; 14315.2455987474
21.700000000000003; 7.614423329037129; -0.7316133354770862; 3793.923407772271
21.8; 7.65647366111416; -0.9183725740911641; 8487.54315071336
21.900000000000002; 7.698705367169422; -0.6900494993588473; -9723.028042244116
22; 7.741118278276147; -1.4184404825844492; -5739.72789296039
22.1; 7.7837122247827475; 0.2793852804791461; 18532.81505067757
22.200000000000003; 7.826487036313494; 0.44693101941643404; -9671.62261982279
22.3; 7.869442541769196; -0.1913608472494439; -5714.621925921544
22.400000000000002; 7.9125785693278905; 0.2583894148489377; 10508.082256448293
22.5; 7.955894946445524; -1.3718415326418092; -22369.50364524963
22.6; 7.999391499856648; -0.6168922669790515; -4756.611105824161
22.700000000000003; 8.043068055575104; -0.7919970339275066; -1747.1435007830949
22.8; 8.086924438894728; 0.22899959486087929; 10777.748621380553
22.900000000000002; 8.130960474390047; -0.41993551503272564; -1935.7886984939141
23; 8.175175985916976; -0.7549568574651417; -3069.246806677606
23.1; 8.219570796613528; 4.068043739423699; 16161.25052132889
23.200000000000003; 8.26414472890052; 6.285836507848755; -10615.693806393447
23.3; 8.308897604482281; 4.50492012034174; 1750.2168345848945
23.400000000000002; 8.35382924434737; 5.195829986415218; 7704.089299222215
23.5; 8.398939468769287; 3.700652181822433; -14484.308234737346
23.6; 8.444228097307194; 2.870219973534348; 4782.704975957972
23.700000000000003; 8.489694948806637; 2.3807423243878194; 1455.753307576693
23.8; 8.53533984140027; 2.7542979244526267; -10232.104824427941
23.900000000000002; 8.581162592508587; 2.0449496794495663; -8818.425526359302
24; 8.62716301884064; 2.070333201406881; 12729.754992725653
24.1; 8.673340936394789; 3.79695158728457; 1871.7104589185165
24.200000000000003; 8.719696160459423; 4.048557977290062; 8515.15015881888
24.3; 8.766228505613707; 4.608058511215583; -1974.8751877178893
24.400000000000002; 8.812937785728325; 7.406280314112168; -786.7218979236869
24.5; 8.859823813966218; 4.381252395357951; -16553.157516239557
24.6; 8.906886402783334; 5.641803047784016; 10620.275692394302
24.700000000000003; 8.95412536392938; 5.111313188172474; 4457.566404161604
24.8; 9.001540508448578; 7.380605858446281; 11408.967103493964
24.900000000000002; 9.04913164668041; 7.346998720856158; 2291.4199585337474
25; 9.096898588260387; 3.3032917172950773; -23832.27545458684
25.1; 9.144841142120807; 5.255883961179843; -3522.3024395007874
25.200000000000003; 9.192959116491519; 6.192691105376724; -13704.995018563803
25.3; 9.241252318900688; 4.439916496489831; -6209.671589295938
25.400000000000002; 9.28972055617557; 4.8009049176266165; 5705.44776761716
25.5; 9.338363634443281; 3.9232266226609176; -8020.398616717255
25.6; 9.387181359131572; 1.8932650102298818; -24387.048172210794
25.700000000000003; 9.43617353496961; 3.7701262815891097; 6065.013866184239
25.8; 9.485339965988755; 5.141163579763948; -2391.6165032858953
25.900000000000002; 9.53468045552335; 4.897354552953143; -8056.411981029403
26; 9.584194806211503; 2.7231454618747724; 2387.337773158967
26.1; 9.633882819995877; 3.9778763539185484; -8834.932070340024
26.200000000000003; 9.683744298124482; 3.870725343885754; -2075.579139355738
26.3; 9.733779041151474; 5.999138989878468; 13580.655284841938
26.400000000000002; 9.783986848937946; 4.84879678452304; -5724.723875398691
26.5; 9.834367520652734; 5.967245166762285; 2224.1909855822437
26.6; 9.884920854773219; 3.3031081356829346; -13575.970984494663
26.700000000000003; 9.93564664908613; 2.4334592006179045; -1852.3229385628104
26.8; 9.986544700688361; -0.2154177946934661; -3456.219853301584
26.900000000000002; 10.03761480598777; -2.6455187283501456; -6179.733811831452
27; 10.088856760704006; -2.8343459492637155; 6376.040116584835
27.1; 10.140270359869318; -3.6966052349188856; 8654.303660718413
27.200000000000003; 10.191855397829377; -5.540367278999675; -7613.933840596963
27.3; 10.2436116682441; -1.3959935136301533; 8854.51553590105
27.400000000000002; 10.295538964088475; -4.5787405603173035; -17805.04872319538
27.5; 10.347637077653388; -5.683900013434733; -5982.7291481702205
27.6; 10.399905800546454; -5.583689783545832; -7937.768246258777
27.700000000000003; 10.452344923692852; -5.1979594889115655; -6243.020898021369
27.8; 10.504954237336158; -3.0106302471445847; -202.7045156085951
27.900000000000002; 10.557733531039187; -3.6327620614752822; 108.03131413830526
28; 10.610682593684835; -4.4815856140757475; -273.9407610570139
28.1; 10.663801213476924; -2.7273354791281843; 7524.058350404918
28.200000000000003; 10.717089177941045; -8.64521579561342; -15685.834949971295
28.3; 10.770546273925408; -14.738149304312701; -18527.9200057077
28.400000000000002; 10.824172287601703; -15.038301757341333; 3116.243700526494
28.5; 10.877967004465948; -4.877681839380857; 8696.20200183223
28.6; 10.931930209339345; 8.168770125363825; 16869.45933753161
28.700000000000003; 10.986061686369148; 12.59145272542137; 7325.769897635642
28.8; 11.040361219029519; 15.071488972436326; 1150.4165264258243
28.900000000000002; 11.094828590122402; 11.306677694385293; 6502.435706465587
29; 11.149463581778384; 7.986976970120418; -5386.447097553156
29.1; 11.204265975457572; 4.951162573409272; -10376.25398075587
29.200000000000003; 11.259235551950463; 10.596672692389365; 18406.207143923235
29.3; 11.314372091378825; 18.82206981814224; 14238.803331122966
29.400000000000002; 11.369675373196575; 24.05991440414769; 10178.661698232238
29.5; 11.425145176190657; 19.9303724968535; 617.9992672277467
29.6; 11.480781278481937; 16.778135832841624; -2629.821613577237
29.700000000000003; 11.536583457526076; 21.712037916211926; 9037.652258428034
29.8; 11.592551490114433; 22.870271402082825; -1074.7864575481733
29.900000000000002; 11.648685152374954; 34.350049640336536; 17614.783902132927
30; 11.704984219773063; 39.71250613334432; 14427.330352377085
30.1; 11.761448467112567; 45.427932200385605; 13059.381479033058
30.200000000000003; 11.818077668536551; 42.42249388881539; -3951.75340430873
30.3; 11.874871597528285; 41.728303133505044; -2184.214489517372
30.400000000000002; 11.93183002691213; 28.94982499117524; -14724.022487060842
30.5; 11.988952728854441; 34.62807109966317; 1291.5912464359758
30.6; 12.046239474864489; 28.60031407300974; -14950.170786415034
30.700000000000003; 12.103690035795365; 28.4281711432444; 8425.080691530955
30.8; 12.161304181844905; 24.385354540598843; -13529.110089785221
30.900000000000002; 12.219081682556599; 32.80755432335525; 10663.474552230073
31; 12.27702230682052; 28.223430341114778; -9248.35165401721
31.1; 12.33512582287425; 31.04692124156992; 7291.703662997731
31.200000000000003; 12.393391998303803; 36.25919655902884; 8714.44803479865
31.3; 12.451820600044554; 32.52031973080984; -4705.6707722669835
31.400000000000002; 12.510411394382174; 26.818279632643854; -16837.19693104733
31.5; 12.569164146953563; 32.223360656808495; -610.1157067360573
31.6; 12.62807862274779; 35.22564254366857; 1393.7438395609336
31.700000000000003; 12.68715458610703; 38.42940732513639; 1647.749620158256
31.8; 12.746391800727508; 32.94398436096531; -10864.878303231242
31.900000000000002; 12.805790029660447; 29.91296797685514; -7661.068088077252
32; 12.865349035313006; 34.694513577378316; 14255.92751486184
32.1; 12.925068579449245; 37.540380425222864; 10654.573886331276
32.2; 12.984948423191067; 31.630719637963562; -13554.332108177483
32.300000000000004; 13.044988327019176; 40.5508835061985; 5502.68348795832
32.4; 13.105188050774037; 37.66230063484807; -5748.629110707359
32.5; 13.165547353656835; 37.319003171027596; 4226.083965301545
32.6; 13.226065994230439; 37.8106979222858; 1298.8270403805557
32.7; 13.286743730420367; 30.91104830112812; -1080.5381793246008
32.800000000000004; 13.347580319515757; 26.74022885178531; 2255.2012184397195
32.9; 13.40857551817033; 17.942084140105873; -15808.134892122314
33; 13.469729082403378; 11.661612685438914; -7501.034723741835
33.1; 13.531040767600722; 18.629117428756956; 19968.95759310281
33.2; 13.592510328515703; 17.248173176846095; 4275.074586061306
33.300000000000004; 13.65413751927016; 13.319757695747457; -377.94284254198044
33.4; 13.715922093355411; 15.547210927747381; 1367.2549798974305
33.5; 13.777863803633245; 14.538166561390682; 456.39781981876337
33.6; 13.839962402336901; 11.050683922925389; -10552.156755596157
33.7; 13.902217641072069; 8.368239422305098; -11163.323921802265
33.800000000000004; 13.964629270817873; 16.215242705911436; 7118.092773662349
33.9; 14.02719704192788; 19.367988239814032; 5753.166754645271
34; 14.08992070413109; 19.994661297697046; -6947.802028401263
34.1; 14.152800006532937; 14.332779437699678; -11600.313130168439
34.2; 14.215834697616295; 13.235155024013443; 698.6676633349605
34.300000000000004; 14.279024525242484; 11.966532649927881; 492.5137291126268
34.4; 14.342369236652276; 11.843942711686573; 152.8009161365244
34.5; 14.405868578466912; 7.319204508275158; -10839.84277303933
34.6; 14.469522296689108; 7.963945920564602; -4253.4305800673765
34.7; 14.533330136704079; 14.566735086329338; 17072.169809987663
34.800000000000004; 14.597291843280546; 19.272710019205455; 6241.633824597421
34.9; 14.66140716057177; 21.76532355798433; 6878.484021679866
35; 14.725675832116567; 25.96327742324869; 10167.176655904868
35.1; 14.790097600840335; 20.366590077758275; -4582.7251725591905
35.2; 14.854672209056087; 17.527872042112875; -13.865137197027185
35.300000000000004; 14.919399398465476; 15.644622706637666; -4210.139723417036
35.4; 14.98427891015983; 19.680234557209445; 11326.97425495623
35.5; 15.04931048462119; 21.561455613487425; 2072.442229464802
35.6; 15.114493861723343; 23.532868571750047; -3983.122591641337
35.7; 15.17982878073287; 20.755399784950146; -8830.410131890632
35.800000000000004; 15.245314980310178; 24.41965267949092; 3014.2682342568514
35.9; 15.310952198510561; 24.816124008645787; 13157.524818643366
36; 15.376740172785231; 23.04326153170206; 1199.989698915479
36.1; 15.442678639982379; 26.84911703017282; 5247.0440710968305
36.2; 15.508767336348223; 24.140233433963463; -7534.465415319805
36.300000000000004; 15.575005997528066; 32.70008310270802; 14455.140069359626
36.4; 15.641394358567354; 32.79864726984951; 3415.5069618610855
36.5; 15.70793215391273; 33.521587180876146; -3423.130326120672
36.6; 15.7746191174131; 35.69245795092278; 6903.928362932533
36.7; 15.841454982320698; 40.16392460366231; 14337.591397252567
36.800000000000004; 15.908439481292158; 38.00528230901865; -2103.5309837250406
36.9; 15.97557234638957; 36.53629058649117; -5816.240590475926
37; 16.04285330908156; 32.06160111817276; -11070.178691093577
37.1; 16.110282100244376; 28.19416387035487; -13082.433027937957
37.2; 16.177858450162937; 25.665307241653615; -11126.546159996085
37.300000000000004; 16.245582088531933; 24.658304358612327; -5823.6624868314475
37.4; 16.313452744456903; 19.249176155395617; -12387.178280680022
37.5; 16.381470146455314; 19.61147334541683; -2675.062362893482
37.6; 16.449634022457648; 17.578134991374668; -6733.718651024736
37.7; 16.517944099808492; 24.65973973717383; 17733.600690835912
37.800000000000004; 16.586400105267625; 21.993239698683734; -7198.36646534401
37.9; 16.65500176501112; 16.174920685045457; -11131.949363123533
38; 16.72374880463243; 21.838664043931608; 14703.847988293235
38.1; 16.792640949143482; 25.53196198795654; 14057.890535332166
38.2; 16.861677922975797; 23.426704806796362; -5889.1209894630765
38.300000000000004; 16.93085944998157; 16.626571855269987; -13052.854380472885
38.400000000000006; 17.000185253434783; 22.747611030356204; 10378.781654224818
38.5; 17.069655056032317; 10.459061466347526; -26441.837780678237
38.6; 17.139268579895052; 7.514774757517719; -5812.648068179863
38.7; 17.209025546568988; 14.736181179730007; 14537.581356987967
38.800000000000004; 17.278925677026347; 15.901512974821378; 6069.734984757991
38.900000000000006; 17.348968691666705; 12.560081625164155; -11158.085802669813
39; 17.419154310318095; 14.926286031388472; 5380.636521155186
39.1; 17.489482252238137; 7.190591500536383; -9362.411966110016
39.2; 17.559952236115155; 7.545901805111552; -0.5980456263466571
39.300000000000004; 17.630563980069308; 10.022712899992424; 5627.810234082486
39.400000000000006; 17.701317201653715; 12.706018154804903; 7781.578052118638
39.5; 17.772211617855586; 6.315345565439331; -16708.839126974028
39.6; 17.843246945097345; 6.204442656234658; 1751.6783437485644
39.7; 17.914422899237785; 4.697402780236269; -5963.306962346099
39.800000000000004; 17.985739195573178; -0.01303745769372; -20807.475627233813
39.900000000000006; 18.057195548838436; 3.7569046285557985; 11070.69657861472
40; 18.128791673208244; 6.633775970478219; 12826.67516937811
40.1; 18.200527282298196; 12.017598927940641; 18884.919557125617
40.2; 18.272402089165954; 14.198747575872808; 5968.128516316945
40.300000000000004; 18.344415806312384; 16.95112797881368; 7554.817022096969
40.400000000000006; 18.416568145682714; 10.485873621475468; -14731.166919825084
40.5; 18.488858818667683; 13.395298755132858; 2266.772198859896
40.6; 18.561287536104697; 12.07529952250043; -4145.704935321681
40.7; 18.63385400827898; 19.444412396633894; 16940.756783224373
40.800000000000004; 18.706557944924743; 16.77635336580602; -10470.49160651581
40.900000000000006; 18.779399055226335; 12.30658580831662; -10900.90773558668
41; 18.852377047819413; 8.1511047344464; -6313.062980784037
41.1; 18.925491630792102; 7.104442281983516; 419.8840009665696
41.2; 18.99874251168617; 12.1477325190079; 11774.998310361883
41.300000000000004; 19.07212939749819; 14.066973395456555; 5577.674031009928
41.400000000000006; 19.145651994680716; 11.15581308727101; -2488.4302944352557
41.5; 19.219310009143456; 10.471933399900712; 1453.0850187410063
41.6; 19.293103146254452; 8.991656128874318; -5116.389038013218
41.7; 19.367031110841253; 13.478363723404346; 3434.838125998728
41.800000000000004; 19.4410936071921; 8.219295887137088; -22319.469798913502
41.900000000000006; 19.51529033905711; 2.005115503335456; -3538.1985525540476
42; 19.58962100964945; 12.850726599961156; 22624.915398507896
42.1; 19.664085321646535; 7.313308249863104; -19504.589947733413
42.2; 19.73868297719122; 16.494850470849205; 29395.40776193051
42.300000000000004; 19.81341367789298; 20.84916505878966; 8175.1601918079705
42.400000000000006; 19.888277124829116; 23.033642960131576; -1791.5279153104452
42.5; 19.963273018545934; 21.76762630399436; -3107.811542430358
42.6; 20.038401059059964; 22.795126457115575; 14415.32427703897
42.7; 20.11366094585914; 22.761205946718068; 7646.673166363135
42.800000000000004; 20.18905237790402; 20.897346248940572; 3954.3050964832023
42.900000000000006; 20.264575053628974; 18.907099271281588; -19786.328021551217
43; 20.3402286709434; 16.923355480747617; -15786.384681719328
43.1; 20.416012927232927; 15.813112198732295; 8768.057474463089
43.2; 20.491927519360633; 22.78406879234778; 25028.674100000775
43.300000000000004; 20.567972143668253; 24.06747144934989; 13639.753645688195
43.400000000000006; 20.644146495977388; 22.438301828179355; 5412.9416763571435
43.5; 20.72045027159073; 24.771985025854235; -390.8246301310363
43.6; 20.79688316529328; 24.842763744152226; -1113.0638449771243
43.7; 20.873444871353566; 25.50719997940755; -1957.764008490516
43.800000000000004; 20.950135083524863; 27.66175935375821; 11590.921598658715
43.900000000000006; 21.026953495046428; 26.076037796609693; -7561.790445290362
44; 21.103899798644715; 28.60002186555738; 5626.321247136432
44.1; 21.18097368653461; 27.014663204659684; -5512.1958306182
44.2; 21.25817485042067; 29.574208258776768; 6277.148246747824
44.300000000000004; 21.335502981498337; 29.864555161451314; 444.5494428571989
44.400000000000006; 21.412957770455193; 28.577484128778625; 9941.775307537135
44.5; 21.490538907472185; 27.789138568914804; -4250.727886711074
44.6; 21.568246082224867; 24.330892774317167; -9987.197208272903
44.7; 21.646078983884646; 23.48444096140598; 4579.645730223723
44.800000000000004; 21.724037301120017; 24.846005692129623; 4508.955408559866
44.900000000000006; 21.802120722097815; 25.33110776864527; -4251.730493564319
45; 21.88032893448446; 22.404089582401582; -10799.038104908343
45.1; 21.95866162544721; 16.647732998319324; 3760.6207152012366
45.2; 22.0371184816554; 18.852264948865965; 11135.27241063231
45.300000000000004; 22.115699189281717; 16.02069380085216; -3974.988292541861
45.400000000000006; 22.19440343400343; 17.656281398033816; 9859.480051804849
45.5; 22.273230901003664; 22.137948931176624; 3636.7307459152357
45.6; 22.352181274972658; 26.198653314849416; 1972.3224264912947
45.7; 22.431254240109023; 20.443527884058913; -68.17061245640798
45.800000000000004; 22.510449480121004; 20.748525921055; 11349.692168953477
45.900000000000006; 22.589766678227743; 22.6013878546874; 4031.859302529718
46; 22.669205517160556; 19.130483211781883; -10774.593315778622
46.1; 22.748765679164194; 20.31629951854485; 7971.919098712634
46.2; 22.828446845998112; 18.005942323831103; 7150.542750142479
46.300000000000004; 22.90824869893775; 17.73387208459203; -6810.857968222423
46.400000000000006; 22.988170918775804; 10.75632348183742; 2896.439050476422
46.5; 23.068213185823502; 14.258049248923344; -6218.4524810777075
46.6; 23.14837517991188; 13.384429706881171; -2739.7403749493237
46.7; 23.22865658039307; 11.479143713510098; -23533.287458955354
46.800000000000004; 23.309057066141577; 10.103631102431411; 4922.83345401412
46.900000000000006; 23.389576315555562; 12.95199104112314; 6463.958094999701
47; 23.47021400655814; 12.981126939127726; -5948.063259614327
47.1; 23.550969816598652; 12.758873819053157; 7807.68480596255
47.2; 23.631843422653965; 19.32074927208871; 11587.960257795652
47.300000000000004; 23.712834501229764; 17.293956971908294; -6844.0159201056995
47.400000000000006; 23.79394272836184; 18.945612793241764; -3221.1515050648663
47.5; 23.875167779617396; 8.02143492604414; -25974.121883303676
47.6; 23.956509330096335; 16.829603024841923; 7364.690330565857
47.7; 24.03796705443256; 13.780121438590212; 719.8403865000608
47.800000000000004; 24.119540626795285; 22.580639459237098; 14300.347060982089
47.900000000000006; 24.20122972089033; 25.54365777520306; -4740.492050879325
48; 24.283034009961423; 28.62673395006393; -1289.0123299954953
48.1; 24.364953166791523; 33.02033642865304; 8144.870647851624
48.2; 24.446986863704108; 34.80354376289856; -10898.381195870774
48.300000000000004; 24.5291347725645; 46.0114832613014; 10272.93184208455
48.400000000000006; 24.611396564781177; 58.048215695279595; 6857.387948357708
48.5; 24.693771911307078; 63.99627956255361; 16423.26121489045
48.6; 24.77626048264092; 62.85986020343975; -3541.7147401177444
48.7; 24.858861948828537; 44.56329432319629; -9741.451518176598
48.800000000000004; 24.94157597946417; 32.258886256292385; -20851.706173131875
48.900000000000006; 25.024402243691807; 31.72932115415577; -759.3981570481352
49; 25.1073404102065; 28.748568573909346; 1994.5559676406194
49.1; 25.190390147255698; 13.305162249195648; -4422.8431310799215
49.2; 25.27355112264056; 18.200529344269647; -357.15387465645705
49.300000000000004; 25.356823003717295; 26.042100740448703; 6860.43382885488
49.400000000000006; 25.44020545739849; 21.352295368268887; -13241.194624100975
49.5; 25.523698150154445; 23.109069526057546; -13268.631313207388
49.6; 25.6073007480145; 28.853152185438674; 5058.661536305475
49.7; 25.69101291656837; 22.928871817915145; -11172.839293262512
49.800000000000004; 25.774834320967493; 27.961198402138518; -9697.74066321021
49.900000000000006; 25.858764625926366; 23.34571785100823; -2503.327925152992
50; 25.942803495723883; 20.869699373930402; 5245.232693179409
50.1; 26.026950594204674; 14.53466765432642; 1628.4830032193977
50.2; 26.111205584780457; 22.035178739633857; 8730.61080056772
50.300000000000004; 26.195568130431383; 28.314284154186574; 11062.320327632087
50.400000000000006; 26.28003789370738; 29.894040329615475; 1161.4312574498206
50.5; 26.36461453672951; 25.12206539533051; -8200.605999850175
50.6; 26.44929772119131; 28.47577975135762; 7120.514579458036
50.7; 26.53408710836016; 12.19554500911433; -16549.022948604706
50.800000000000004; 26.618982359078622; 24.96434852184963; -978.4133879995396
50.900000000000006; 26.703983133765806; 29.620214221703698; 7118.969518942898
51; 26.789089092418727; 32.71340203818475; 4009.859472308575
51.1; 26.874299894613664; 51.52271825094886; 24691.38876977547
51.2; 26.95961519950752; 46.94298133421916; -2190.052297010554
51.300000000000004; 27.045034665839193; 37.75655086906794; -5133.662858840171
51.400000000000006; 27.13055795193093; 35.63330860850008; 1364.1949438035642
51.5; 27.216184715689696; 50.28471853505161; 4784.4787163706
51.6; 27.301914614608556; 46.436345354162135; -12.323225665895912
51.7; 27.387747305768027; 39.354509706541755; 3519.842545113554
51.800000000000004; 27.473682445837458; 55.138828234678016; 5240.257302193122
51.900000000000006; 27.559719691076406; 64.20035516277946; 5362.3860966818565
52; 27.645858697336003; 73.70904236291422; 22950.021153228798
52.1; 27.732099120060337; 50.424660622910956; -21078.095361789216
52.2; 27.818440614287834; 49.2451183358697; -206.79946011980806
52.300000000000004; 27.904882834652632; 60.061930943340286; 21522.830104273726
52.400000000000006; 27.991425435385963; 75.49502872391827; 8200.669815216677
52.5; 28.078068070317542; 73.61736273609661; -3144.156480214091
52.6; 28.164810392876944; 62.459547384831374; -10996.139685155586
52.7; 28.251652056094994; 81.5766408703669; 9658.55927828815
52.800000000000004; 28.338592712605156; 79.17637575249157; -10908.937623299378
52.900000000000006; 28.42563201464492; 74.85923048009009; -5676.5676423236055
53; 28.51276961405719; 71.81400311510023; 11348.733869462763
53.1; 28.60000516229169; 81.24097782222533; -1316.928294587844
53.2; 28.68733831040634; 67.48512947022971; -9681.313509853955
53.300000000000004; 28.774768709068663; 85.50451992297693; 6716.848549378397
53.400000000000006; 28.862296008557184; 71.75599575306443; -13395.296516587206
53.5; 28.949919858762822; 45.567350119728964; -20954.466539352856
53.6; 29.03763990919029; 66.56314701779552; 6824.456424333844
53.7; 29.125455808959504; 47.99874584906348; -3886.700265151954
53.800000000000004; 29.213367206806986; 53.93005756603084; -5393.799614727301
53.900000000000006; 29.301373751087255; 46.232873424474384; 2723.3698828646097
54; 29.389475089774255; 58.228433784411244; 9257.030890772387
54.1; 29.47767087046275; 55.33959362786922; 6825.407013137213
54.2; 29.565960740369732; 51.05822932859459; 575.6643121166719
54.300000000000004; 29.654344346335844; 47.15320767471985; -4272.689574709111
54.400000000000006; 29.742821334826775; 52.89814361660571; -4999.263820858743
54.5; 29.83139135193469; 38.652618471255835; -10231.834501523928
54.6; 29.92005404337964; 65.04351893293148; 13645.969139457555
54.7; 30.008809054510976; 79.21997902034838; 1235.6999761561256
54.800000000000004; 30.097656030308773; 83.77782579483318; 5406.25455754569
54.900000000000006; 30.186594615385243; 85.555992378881; -506.16345525455273
55; 30.27562445398617; 85.41490376089588; 6005.492742690089
55.1; 30.364745189992313; 95.13842544164828; 9976.715693331298
55.2; 30.45395646692085; 99.07548431452894; -3290.797002713786
55.300000000000004; 30.543257927926792; 101.17459951206074; 4715.339515980059
55.400000000000006; 30.632649215804413; 89.73174081002892; -11196.133120898738
55.5; 30.72212997298868; 64.07777712475315; -6259.335698958486
55.6; 30.811699841556685; 31.79479139342243; -16214.692592676798
55.7; 30.901358463229073; 11.314378200339835; -5949.079172422727
55.800000000000004; 30.991105479371477; 17.604585638782346; 3654.121035135421
55.900000000000006; 31.08094053099595; 10.42514486313281; 318.6420803971804
56; 31.170863258762406; 12.236594233153046; 2607.59623107484
56.1; 31.260873302980055; -5.4714861288126375; -11292.214660938089
56.2; 31.350970303608843; -22.24413332196797; -702.3917462100139
56.300000000000004; 31.441153900260883; -15.525166727203866; 12683.314666593466
56.400000000000006; 31.531423732201908; 12.948803916832368; 17891.250270013734
56.5; 31.621779438352714; 34.44055404185434; 10895.669155582782
56.6; 31.712220657290597; 21.529372015559108; -8928.332600150476
56.7; 31.8027470272508; 5.560460382402052; -17883.422141074403
56.800000000000004; 31.893358186127962; 9.414745447981993; 2704.679217949894
56.900000000000006; 31.984053771477573; 4.526733578238522; -4389.82635075427
57; 32.07483342051741; 11.509768029736794; 13697.27510702998
57.1; 32.165696770128996; 12.569045665459637; -6031.950020869652
57.2; 32.25664345685906; 28.230548403172456; 10718.453207752056
57.300000000000004; 32.34767311692097; 15.728487513552972; -12088.067833387304
57.400000000000006; 32.438785386196216; 12.697916907039081; 2473.965687686664
57.5; 32.52997990023583; 39.50500896294606; 18771.81713452148
57.6; 32.62125629426188; 47.75540500654479; 6566.279531207253
57.7; 32.71261420316892; 42.82956677762109; 2677.6352518941285
57.800000000000004; 32.804053261525425; 48.62360203810307; -48.354798391860385
57.900000000000006; 32.895573103575295; 33.06598398067445; -6761.77880584149
58; 32.98717336323927; 30.94119778820936; -4001.802290678462
58.1; 33.07885367411645; 16.414098640057148; -18376.52085876168
58.2; 33.170613669485704; -19.754643723177132; -17948.57227825325
58.300000000000004; 33.262452982307174; -41.62414835664504; -11768.068763219766
58.400000000000006; 33.35437124522373; -59.62849275495142; -5750.922956711263
58.5; 33.446368090562444; -51.08893978275193; -560.0162249323647
58.6; 33.53844315033606; -58.79660114841199; -4150.887789279486
58.7; 33.63059605624446; -63.13911546812885; 79.03684117569227
58.800000000000004; 33.72282643967613; -73.40311060297374; 7565.875604569224
58.900000000000006; 33.81513393170968; -92.37636633944655; -9452.726934728342
59; 33.907518163115256; -72.0612111586076; 13608.946230204452
59.1; 33.99997876435606; -60.210128134558154; 16614.65264434764
59.2; 34.092515365589804; -68.88661444013053; 261.27533864258413
59.300000000000004; 34.18512759667021; -51.696829903123096; 8013.803987311018
59.400000000000006; 34.27781508714848; -59.926660043906395; 8871.826220353476
59.5; 34.37057746627477; -62.44461098465972; 4324.545238738308
59.6; 34.463414362999686; -55.63729058543553; 1916.0380684542597
59.7; 34.55632540597577; -26.622496740951146; 10345.91891207435
59.800000000000004; 34.64931022355897; -2.0992232475792747; 15653.042488120129
59.900000000000006; 34.74236844381014; 1.203108384063583; -1740.8631451251201
60; 34.83549969449653; -22.380951739817103; -11016.327511317666
60.1; 34.92870360309325; -10.422507069052553; 14107.520661291113
60.2; 35.0219797967848; -6.868326762430398; 3676.1293846013177
60.300000000000004; 35.115327902466525; -3.501675568757777; 897.8594364709351
60.400000000000006; 35.208747546746125; -46.848829090537336; -10716.734997948293
60.5; 35.30223835594515; -37.4976257905059; -6937.629166017755
60.6; 35.39579995610049; -68.08223313178867; -20039.66227500522
60.7; 35.48943197296587; -53.164717846198045; 9364.78542395942
60.800000000000004; 35.583134032013334; -43.62037796824049; 1564.6330926327619
60.900000000000006; 35.676905758434785; -76.85741245215729; -12372.609217019859
61; 35.77074677714344; -71.72341426654103; 8610.564242611
61.1; 35.86465671277534; -39.2620619017778; 19242.070783709332
61.2; 35.95863518969089; -42.8904696244732; 5002.333754196104
61.300000000000004; 36.05268183197628; -62.13034734533451; -6760.219799909349
61.400000000000006; 36.14679626344508; -79.52721823298546; -7362.607420280268
61.5; 36.2409781076397; -35.13701465190933; 20070.7339096404
61.6; 36.33522698783287; -29.2912801373722; 2264.6564851993344
61.7; 36.4295425270292; -35.20607922180278; -7660.204381035715
61.800000000000004; 36.52392434796666; -48.92538658918869; -3209.346574611291
61.900000000000006; 36.6183720731181; -47.19386387844232; -4161.780816601659
62; 36.712885324692735; -69.80094192128385; -16650.265916962562
62.1; 36.80746372463769; -49.17653555249309; 13370.702759816606
62.2; 36.90210689463949; -61.69418648523859; -3843.3602176091763
62.300000000000004; 36.99681445612558; -29.45278809256049; 8189.474784621076
62.400000000000006; 37.09158603026584; -27.96337794214073; 4613.53497438764
62.5; 37.1864212379741; -30.52550826532729; 1431.462772939683
62.6; 37.28131969990966; -22.60378994568999; 4770.913679140327
62.7; 37.376281036478794; -10.349674432514755; 8179.87948458201
62.800000000000004; 37.47130486783628; -36.30530267093669; -8819.238986731667
62.900000000000006; 37.566390813886926; -58.05484272390074; -7632.771573904222
63; 37.66153849428707; -26.877433677882053; 23705.13756146035
63.1; 37.75674752844613; 6.27346778872252; 9627.6204760217
63.2; 37.85201753552808; 6.908123514754404; -4785.621315309468
63.300000000000004; 37.947348134453016; -22.81910070819327; -2931.1997722557207
63.400000000000006; 38.042738943898684; -19.72799992081761; -5806.094146395141
63.5; 38.13818958230196; 8.451525476492296; 20091.40171787509
63.6; 38.23369966786043; -2.1112435073927003; -10294.934662257308
63.7; 38.32926881853387; -2.8624367448539974; 1589.418635798475
63.800000000000004; 38.42489665204581; 15.971285575933043; 6336.657696785913
63.900000000000006; 38.52058278588504; 4.798481724730706; 1593.1497193059581
64; 38.616326837307156; 30.207197263420998; 11678.019316763068
64.10000000000001; 38.712128423336075; 13.238269404995442; -3274.523561465207
64.2; 38.807987160765585; 9.112752795302535; -4509.403215235715
64.3; 38.90390266616087; 5.777756904877672; -49.83899451550861
64.4; 38.99987455586002; 6.177889643208306; -7339.391212858355
64.5; 39.09590244597561; 31.757031612126905; 13318.066958856085
64.60000000000001; 39.191985952396216; 45.75479758994972; 12616.390847512015
64.7; 39.28812469078794; 74.43350152184831; 15632.11964476093
64.8; 39.38431827659595; 60.70929744649308; -1401.305196527662
64.9; 39.48056632504603; 58.08062122976152; -1736.1455401481917
65; 39.57686845114611; 66.81435458520185; 5069.249087489545
65.10000000000001; 39.67322426968783; 59.753858359542384; -4823.754019959802
65.2; 39.769633395248036; 59.565795096341795; -1738.926081498502
65.3; 39.86609544219035; 35.071322371887184; -11493.132253509724
65.4; 39.962610024666716; 31.93304809914901; 3173.9081219756054
65.5; 40.05917675661894; 70.46630051997458; 15593.397370973733
65.60000000000001; 40.15579525178021; 78.42323649815339; 286.46589553332177
65.7; 40.252465123676686; 81.0718313198601; 4048.2231408011053
65.8; 40.349185985629; 67.86846604928313; -11653.85081589704
65.9; 40.44595745075384; 90.55567379937361; 17073.65835163783
66; 40.54277913196547; 84.1088148453487; -672.3821795218578
66.10000000000001; 40.63965064197729; 100.9262873732348; -5018.536961991926
66.2; 40.7365715933034; 51.90614887905533; -19234.16004874332
66.3; 40.833541598260126; 87.3998302663478; 20003.679758842634
66.4; 40.93056026896757; 99.52598627997781; 7525.400906341529
66.5; 41.027627217351174; 81.21201461146742; -3521.974754100083
66.60000000000001; 41.12474205514328; 79.44040382699808; 3596.2699562679945
66.7; 41.221904393884664; 97.20929867996315; 1840.6596725632894
66.8; 41.3191138449261; 61.551327893215834; -14913.532011584162
66.9; 41.41637001942992; 80.20991224671889; -2416.558682558531
67; 41.51367252837154; 147.3095767297063; 21656.55307710464
67.10000000000001; 41.61102098254108; 108.61549463879999; -17238.07675314271
67.2; 41.708414992544824; 78.79824024508372; -258.77303905376334
67.3; 41.80585416880688; 83.43210933564761; 6109.8873946490385
67.4; 41.90333812157067; 51.9926164547725; -10789.740053776472
67.5; 42.00086646090051; 34.457049030943274; -1221.28361884355
67.60000000000001; 42.098438796683176; 22.49547526906718; -6812.478707316163
67.7; 42.196054738629456; 10.7104587295599; -3284.783722050012
67.8; 42.293713896275705; 18.538189495784952; 5863.537478619272
67.9; 42.39141587898543; 44.47690806563274; 7253.636832747895
68; 42.489160295950825; 50.93782764742072; 9174.895676441205
68.10000000000001; 42.58694675619436; 67.73435937866084; 8792.784158742244
68.2; 42.684774868570315; 38.26457016068181; -20954.563210997472
68.3; 42.78264424176638; 9.567253124055437; -10012.480773575535
68.4; 42.88055448430518; 16.513418504333252; -1493.1660434218866
68.5; 42.97850520454589; -3.712998515216732; -5935.195685618349
68.60000000000001; 43.07649601068575; -10.756154694903193; -2758.7950500013258
68.7; 43.17452651076167; -34.496316366620846; -8938.43738173874
68.8; 43.272596312651785; -58.32130982928846; -10856.945944172689
68.9; 43.37070502407701; -65.77007874883928; -3467.1174385914533
69; 43.46885225260263; -27.906745061721942; 22409.417382890933
69.10000000000001; 43.56703760563987; -49.798207786325335; -9772.878110253598
69.2; 43.66526069044744; -40.425996120986674; -6259.699605309983
69.3; 43.763521114133134; -45.80971459470272; 3118.5736167904624
69.4; 43.86181848365539; -71.13473435072486; -11422.841943479389
69.5; 43.960152405824864; -38.12204315735247; 11300.509104788287
69.60000000000001; 44.05852248730599; -35.13841793065737; 8423.816633144354
69.7; 44.156928334618584; -21.2795287426825; 349.58384505773245
69.8; 44.25536955413938; -19.030053131492647; 25.087811965953872
69.9; 44.35384575210363; -43.395215246629604; -11198.4221657248
70; 44.45235653460668; -85.81414597574953; -7354.476350591003
70.10000000000001; 44.55090150760552; -112.5515083154093; -17752.31365347883
70.2; 44.64948027692041; -119.72019450975975; 2122.8376189474025
70.3; 44.748092448236385; -136.35957404064874; -3035.48236593818
70.4; 44.8467376271049; -113.98276096973737; 1871.7845292553318
70.5; 44.945415418945366; -50.03352125029959; 29238.21236389449
70.60000000000001; 45.04412542904675; -60.17510627051773; -397.9205024397831
70.7; 45.14286726256915; -25.413935367864177; 14662.900502260136
70.8; 45.241640524545346; -22.09409260953679; 2118.1323571998378
70.9; 45.340444819882435; -44.55111716660922; -5840.971476828707
71; 45.439279753363365; -21.489576041879513; 6487.006439308709
71.10000000000001; 45.53814492964854; -3.6559227580831077; 5828.199680125801
71.2; 45.63703995327737; -40.47716820299056; -14708.072528504505
71.3; 45.73596442866992; -68.46942331398367; -3549.4479260711555
71.4; 45.834917960128394; -39.947589141074076; 11375.529390898015
71.5; 45.933900151838806; -12.356349690940824; 6907.188704685206
71.60000000000001; 46.03291060787252; -76.40588460064144; -28030.712124452242
71.7; 46.13194893218785; -112.8074471001438; -16881.86934093471
71.8; 46.23101472863163; -143.25364691759847; -11354.338317726646
71.9; 46.3301076009408; -152.2043523671263; -6887.814597488245
72; 46.429227152744005; -158.41287899974625; -1033.1234188776468
72.10000000000001; 46.52837298756317; -173.39141800197993; -5801.996177610981
72.2; 46.627544708815094; -119.97321302685685; 15273.185497509081
72.3; 46.726741919813016; -143.660720089817; -7477.148419169351
72.4; 46.82596422376823; -127.55171915556545; 2674.2303975537666
72.5; 46.92521122379165; -111.90518437963533; 5030.979165631695
72.60000000000001; 47.02448252289541; -83.02107029057618; 10547.263385488328
72.7; 47.12377772399444; -113.6928618557856; -17874.6027097725
72.8; 47.22309642990808; -134.98642022862455; -10360.607406421715
72.9; 47.32243824336163; -138.2266963056882; -2993.2609617663693
73; 47.421802766987966; -124.79382753083317; 11068.956194001516
73.10000000000001; 47.521189603329134; -160.6423877050485; -15920.453152019994
73.2; 47.62059835483792; -206.3154288934221; -19702.723771258206
73.3; 47.720028623879436; -223.95099221862023; -11669.218084917686
73.4; 47.819480012732754; -212.17543968681366; 2567.904146964816
73.5; 47.91895212359245; -175.64190869659907; 11948.74154702771
73.60000000000001; 48.0184445585702; -157.73442770870426; 10241.057987809116
73.7; 48.11795691969642; -170.56933644225296; -5717.315450954361
73.8; 48.21748880892178; -191.33363106109687; -5971.296647767653
73.9; 48.31703982811886; -189.34292939758998; 1742.502874361455
74; 48.41660957908372; -203.04753098988073; -13860.096760610697
74.10000000000001; 48.51619766353748; -196.443108437155; 5760.273960815088
74.2; 48.61580368312795; -185.9084763111674; 6103.234864889101
74.3; 48.71542723943117; -201.80262049534988; -8036.434243198241
74.4; 48.81506793395305; -203.14362360116164; -2169.4952468420943
74.5; 48.91472536813095; -208.60451404396412; -3325.7468854744816
74.60000000000001; 49.01439914333527; -231.89177539675495; -9557.56463411363
74.7; 49.11408886087103; -220.05915862965585; 5727.624933768739
74.8; 49.2137941219795; -221.8785403092281; -5088.194504770602
74.9; 49.313514527839764; -213.06693708347598; 2839.4353943976753
75; 49.413249679570335; -239.93685843057872; -14793.168559628099
75.10000000000001; 49.51299917823074; -255.9649215985613; -11859.100261265892
75.2; 49.61276262482312; -270.15498292772793; -8215.962718363226
75.3; 49.71253962029381; -257.85799594253587; 6843.3276783097635
75.4; 49.812329765534976; -269.3098844223905; -12933.756895604012
75.5; 49.91213266138616; -271.0120914046243; -6459.032948214434
75.60000000000001; 50.01194790863592; -273.6017378718939; -8589.861930791656
75.7; 50.11177510802339; -267.755866498148; 6499.571680182219
75.8; 50.21161386023991; -263.0993051159759; 1304.891700675047
75.9; 50.311463765930604; -270.3571677979486; -1668.70966330199
76; 50.41132442569598; -261.32796376339445; 5465.494450334268
76.10000000000001; 50.51119544009354; -256.9580262448828; 2413.559824557682
76.2; 50.61107640963935; -266.07607853532; -10441.955560470826
76.3; 50.710966934809676; -253.79608711429987; 17808.474713568583
76.4; 50.81086661604254; -266.2432575286065; -12873.52032924528
76.5; 50.91077505373935; -257.00834041390243; 6288.640282503646
76.60000000000001; 51.0106918482665; -254.98287283467772; 1935.5358054481105
76.7; 51.110616599956934; -250.3983046443113; 3834.8495763280403
76.80000000000001; 51.210548909111786; -237.3692679347038; 10229.718614358562
76.9; 51.31048837600195; -233.78667417751848; 3756.771073372023
77; 51.410434600869685; -245.40877423418684; -10878.061767159408
77.10000000000001; 51.510387183930234; -252.17371954642397; -10400.577354035031
77.2; 51.61034572537339; -258.53644647665675; -7984.709394678939
77.30000000000001; 51.71030982536513; -255.516615074974; 5055.959776053105
77.4; 51.81027908404918; -265.3646392518504; -15723.118719277465
77.5; 51.91025310154864; -251.40970553411603; 23287.885970154126
77.60000000000001; 52.01023147796758; -261.8549280787254; -13224.04911322277
77.7; 52.11021381339262; -256.2203279630795; 7782.206642381989
77.80000000000001; 52.21019970789455; -241.0610590505911; 21391.015039131533
77.9; 52.310188761529936; -246.13124577880026; -8752.321182915006
78; 52.41018057434268; -253.7258456398815; -12701.412288287695
78.10000000000001; 52.51017474636568; -240.22852949022678; 18804.330322834867
78.2; 52.610170877622366; -240.19087555341093; 2137.103899820049
78.30000000000001; 52.71016856812836; -237.44378501761963; 4474.909040232757
78.4; 52.81016741789303; -232.69417217205438; 7854.896724758667
78.5; 52.9101670269211; -240.65491730627375; -10252.707950000698
78.60000000000001; 53.010166995214284; -236.85853058229839; 5924.613937824307
78.7; 53.110166922772834; -233.14702065794725; -256.18614099029855
78.80000000000001; 53.21016640959717; -237.63561931790457; -5856.060823624814
78.9; 53.31016505568949; -244.7863613413075; -8735.473160201578
79; 53.41016246105533; -251.3199075315998; -5947.050524083129
79.10000000000001; 53.510158225705204; -263.2627814057705; -10834.353463464326
79.2; 53.61015194965619; -256.8870670829211; 7590.416633258007
79.30000000000001; 53.710143232933525; -262.34645703605116; -9376.331251021007
79.4; 53.81013167557221; -264.2568143860714; -2550.284857295492
79.5; 53.9101168776186; -264.8363187701447; -1458.584747133025
79.60000000000001; 54.01009843913203; -266.3072380479046; -2465.4588649252564
79.7; 54.110075960186386; -257.762093722843; 17280.946832703976
79.80000000000001; 54.21004904087171; -266.28040862263083; -10836.233262182928
79.9; 54.31001728129582; -261.0282463393437; 10433.950995779385
80; 54.40998028158588; -266.215691053945; -16000.22417336326
80.10000000000001; 54.50993764189003; -267.952818760325; -3320.987778464095
80.2; 54.60988896237896; -269.6040911800802; -955.7417421210184
80.30000000000001; 54.70983384324752; -258.86716749590016; 13647.720202002187
80.4; 54.809771884716326; -260.9515528920743; -3988.944996845548
80.5; 54.90970268703333; -262.5506224010535; -3052.0126053584645
80.60000000000001; 55.00962585047547; -262.4423440985979; 464.5642672953388
80.7; 55.10954097535022; -257.5881638097407; 8454.898016369372
80.80000000000001; 55.20944766199722; -252.54107397856438; 8006.515096101671
80.9; 55.309345510789846; -248.117051913672; 7062.762030101227
81; 55.409234122136844; -248.3086724890968; 415.6220801000755
81.10000000000001; 55.509113096483894; -243.9026981645694; 4246.7773598066715
81.2; 55.60898203431524; -241.82916690824229; 6898.3332674455505
81.30000000000001; 55.70884053615526; -238.9857618064447; 3775.027908115565
81.4; 55.808688202570075; -236.84010581180624; 908.7907200791476
81.5; 55.90852463416916; -227.05717704349362; 18072.558609066396
81.60000000000001; 56.00834943160692; -216.64813374574544; 20704.15974214341
81.7; 56.108162195584306; -228.9110672506864; -20819.333482172973
81.80000000000001; 56.20796252685038; -229.2027135224481; -1232.4152727415053
81.9; 56.30775002620396; -229.537520444409; 235.36184285731952
82; 56.40752429449518; -228.40096327631537; 4592.9656526530525
82.10000000000001; 56.5072849326271; -229.93557599045423; -3484.032896802514
82.2; 56.6070315415573; -229.5215406970717; 2505.5641287039202
82.30000000000001; 56.70676372229947; -229.1863145954309; 8134.975200183081
82.4; 56.80648107592503; -232.25520914439602; -11109.465819675526
82.5; 56.906183203564694; -232.10540346792823; 2502.453476097561
82.60000000000001; 57.00586970641009; -231.40914657146493; 3973.6512082067616
82.7; 57.10554018571533; -231.7399904302115; -4550.458460022092
82.80000000000001; 57.20519424279863; -231.60432325007972; 308.7678035388845
82.9; 57.304831479043905; -232.68883338756004; -4801.198517387362
83; 57.404451495902336; -232.51379856387024; 1556.4166072381047
83.10000000000001; 57.50405389489399; -233.43102413212912; -2800.565469906989
83.2; 57.603638277609406; -233.16408734241696; 1914.4683941396165
83.30000000000001; 57.70320424571118; -232.1096094172503; 1525.1688195571378
83.4; 57.80275140093557; -233.68165689502808; -9802.456304658901
83.5; 57.9022793450941; -233.62132474467492; 9151.865899591525
83.60000000000001; 58.00178768007512; -234.06742979732456; -12584.092621941649
83.7; 58.10127600784542; -234.3073450245433; 952.7652624117322
83.80000000000001; 58.20074393045182; -234.61041390007162; 11478.094096088153
83.9; 58.30019105002277; -235.04362691553456; -6526.552316337478
84; 58.39961696876992; -236.06230398477393; -11282.84540102615
84.10000000000001; 58.499021288989724; -236.37932639289775; -5082.134086558824
84.2; 58.59840361306504; -236.88346901257722; -10796.772895908123
84.30000000000001; 58.6977635434667; -236.82715308835628; 6707.229518358114
84.4; 58.797100682755115; -235.53624161757764; 16058.915342824332
84.5; 58.89641463358186; -235.7103673667321; -2018.6146491621241
84.60000000000001; 58.995704998691274; -235.13870867341868; 7319.436628350047
84.7; 59.09497138092202; -235.68559137077426; -15987.428311315172
84.80000000000001; 59.1942133832087; -235.77578644279134; -6893.974915290874
84.9; 59.293430608583435; -236.0510990035143; -3562.3154062670133
85; 59.392622660177466; -235.4762215821282; 13902.07788547976
85.10000000000001; 59.49178914122271; -234.91604584399226; 3295.8466760244387
85.2; 59.59092965505338; -235.91279253227526; -6364.203729080066
85.30000000000001; 59.69004380510755; -231.83053977154836; 19217.75891154246
85.4; 59.78913119492876; -233.92562656386926; -8364.49699730812
85.5; 59.888191428167566; -231.1620076367732; 14618.902326889887
85.60000000000001; 59.987224108583185; -233.36297420019932; -8351.597502248089
85.7; 60.08622884004502; -235.1349090253155; -11742.320444892197
85.80000000000001; 60.18520522653427; -240.26735608284199; -23357.444218926328
85.9; 60.28415287214553; -242.86643557367339; -9456.400474887345
86; 60.38307138108835; -245.05845186081336; -9010.270518945319
86.10000000000001; 60.48196035768882; -246.71007796998458; -7450.454046928423
86.2; 60.58081940639117; -250.47984337759974; -12685.168451677499
86.30000000000001; 60.679648131759336; -253.10223219353534; -8303.546554132974
86.4; 60.77844613847854; -257.75101933031345; -14102.376742942915
86.5; 60.8772130313569; -250.01482925853713; 19330.192916777927
86.60000000000001; 60.975948415326975; -244.2922126039404; 10792.945270252505
86.7; 61.07465189544735; -245.52838313886053; -3118.7964742708973
86.80000000000001; 61.173323076904246; -247.97898017769973; -3498.0853057454756
86.9; 61.271961565013065; -247.9254511483748; -40.76276975006203
87; 61.370566965219986; -248.63129535754626; -2356.098362597151
87.10000000000001; 61.46913888310354; -238.2514187066072; 23738.69073028949
87.2; 61.56767692437619; -236.70931436106403; 4051.985028332866
87.30000000000001; 61.666180694885895; -241.50354545343686; -10099.447286423518
87.4; 61.76464980061771; -240.32046600675503; 2114.5832780348605
87.5; 61.86308384769534; -234.4618378966755; 16114.303575259724
87.60000000000001; 61.96148244238274; -236.56350498730671; -7282.166873861084
87.7; 62.05984519108564; -227.29500872280553; 23518.454697547444
87.80000000000001; 62.1581717003532; -228.40039200410652; -871.5347808077003
87.9; 62.256461576879495; -225.02263504565212; 1884.712375073249
88; 62.35471442750516; -217.32501895819468; 12040.958477791342
88.10000000000001; 62.45292985921892; -216.74734342682646; 3143.962411827515
88.2; 62.55110747915918; -212.6914135245643; 10012.023416665677
88.30000000000001; 62.649246894615594; -212.11420274687458; 3879.4242651166196
88.4; 62.74734771303063; -214.67831466663182; -11882.610673721483
88.5; 62.84540954200114; -212.08477757086186; 7675.235472589126
88.60000000000001; 62.94343198927995; -208.6417476064651; 10819.375661924065
88.7; 63.04141466277739; -206.28979664041012; 9649.584540471948
88.80000000000001; 63.1393571705629; -203.35041022263147; 9441.68585516421
88.9; 63.23725912086658; -208.3905630282902; -17196.258937994913
89; 63.33512012208076; -204.87518599845225; 10093.763563534289
89.10000000000001; 63.432939782761565; -199.9626756406198; 8852.821963069682
89.2; 63.53071771163048; -198.10625257579412; 5730.954245964604
89.30000000000001; 63.62845351757593; -199.0774290817202; -6175.527232860725
89.4; 63.72614680965481; -196.4609952554587; 9201.73764144117
89.5; 63.82379719709408; -197.45727085780447; -3190.6330667859697
89.60000000000001; 63.92140428929233; -197.14552606800677; 2377.6728432486943
89.7; 64.01896769582132; -194.6393786856433; 1463.7410655880833
89.80000000000001; 64.11648702642755; -197.0590411372171; -12142.796206582876
89.9; 64.21396189103383; -199.39090493918215; 193.6314530636958
90; 64.31139189974084; -209.34452207614012; -15184.76979443003
90.10000000000001; 64.40877666282866; -205.86940840665315; 5623.6457807846045
90.2; 64.50611579075837; -210.494907134682; -9249.197603807848
90.30000000000001; 64.6034088941736; -213.4643266122835; -9013.078495092872
90.4; 64.70065558390205; -218.97329720173497; -11069.510160120566
90.5; 64.7978554709571; -224.10015204650387; -6040.729911974916
90.60000000000001; 64.89500816653934; -228.81876811812575; -4945.048315870422
90.7; 64.9921132820381; -225.4644683242613; 2960.771797429817
90.80000000000001; 65.08917042903306; -232.38303201873245; -9167.429893616245
90.9; 65.18617921929575; -227.8979382087507; 11788.147476488359
91; 65.28313926479115; -235.77306920905528; -12138.116603646049
91.10000000000001; 65.3800501776792; -230.1763732608895; 10001.919205879627
91.2; 65.47691157031637; -220.8400644793781; 11915.850880058864
91.30000000000001; 65.57372305525723; -219.9706484171438; 4721.42158333706
91.4; 65.67048424525598; -226.24940367850874; -8144.443407270905
91.5; 65.76719475326796; -224.68355181508574; 2373.412172871446
91.60000000000001; 65.86385419245129; -215.67699070254608; 12183.180555606186
91.7; 65.96046217616833; -213.26571602869143; -1033.7165600277208
91.80000000000001; 66.05701831798729; -214.7326567916942; -1876.5214057381515
91.9; 66.15352223168371; -214.24880150619435; 440.07045885196374
92; 66.24997353124208; -216.7495721706077; -6362.518881156229
92.10000000000001; 66.34637183085732; -210.1559495197078; 8999.272028152538
92.2; 66.44271674493638; -214.05952461626958; -3279.779049698789
92.30000000000001; 66.5390078880997; -219.28823717683957; -5458.5793476815115
92.4; 66.63524487518286; -220.0097968757596; 5065.3399595932515
92.5; 66.73142732123803; -226.85539345275765; -12018.35812652091
92.60000000000001; 66.82755484153556; -230.00298398713144; -19421.81782614827
92.7; 66.92362705156549; -236.82078959793282; -20253.914870415534
92.80000000000001; 67.01964356703911; -238.50975432000507; -3363.034177344571
92.9; 67.1156040038905; -237.30700535088903; 3287.0251828147725
93; 67.21150797827802; -235.16295042423843; 7730.066316498637
93.10000000000001; 67.30735510658592; -241.33887019322466; -18693.560829250728
93.2; 67.40314500542578; -239.89423151244102; 2336.1314116160825
93.30000000000001; 67.49887729163818; -239.52757842282213; -1985.203722915955
93.4; 67.59455158229407; -244.438660207311; -11976.692335982267
93.5; 67.69016749469642; -245.34663395670742; -5652.592710646524
93.60000000000001; 67.78572464638172; -244.97742085639103; 2290.8253035368234
93.7; 67.88122265512148; -243.88228198047184; 9938.561484422422
93.80000000000001; 67.97666113892379; -241.16421401602614; 3538.6412427432465
93.9; 68.07203971603485; -241.31464533431958; 3313.0154452298193
94; 68.16735800494047; -242.81803991816784; -5359.0784722761455
94.10000000000001; 68.26261562436763; -248.76676618560154; -29719.33474280425
94.2; 68.35781219328597; -248.43660078293027; 5549.024404663127
94.30000000000001; 68.45294733090935; -248.0683798997491; 4140.376570621772
94.4; 68.54802065669735; -245.66463221913054; 13780.778777688287
94.5; 68.64303179035679; -245.9140013380342; -5345.365540324413
94.60000000000001; 68.73798035184325; -247.22351165672657; -6981.3764797511385
94.7; 68.83286596136261; -248.12453554068054; -7737.196606269726
94.80000000000001; 68.92768823937259; -249.37775333102184; 5181.057330256994
94.9; 69.02244680658417; -251.75380087359878; -4679.548955403453
95; 69.11714128396322; -246.56845740808495; 19464.09364646621
95.10000000000001; 69.21177129273197; -240.64600392535453; 8646.242466721871
95.2; 69.30633645437048; -243.2809635473983; -6924.391291817065
95.30000000000001; 69.40083639061825; -243.8111144348825; -3446.642200272531
95.4; 69.49527072347567; -246.30121948550894; -8088.679530395073
95.5; 69.58963907520553; -242.28478760163375; 15717.386522200852
95.60000000000001; 69.68394106833452; -243.91463789979233; 189.29770296606577
95.7; 69.77817632565483; -246.02088784918345; -7795.333982630349
95.80000000000001; 69.87234447022553; -242.90388887262716; 8058.854505322024
95.9; 69.96644512537418; -238.77286098385656; 19638.31569618773
96; 70.0604779146983; -242.48021176311067; -13388.162667621162
96.10000000000001; 70.15444246206683; -236.8813592347255; 9166.94395966274
96.2; 70.24833839162172; -231.3590250276652; 15786.19839519857
96.30000000000001; 70.34216532777937; -231.42654475312764; -116.36978816642211
96.4; 70.43592289523217; -230.14706708403847; 776.8521589264006
96.5; 70.52961071894997; -230.51469646078604; -1679.7933784148752
96.60000000000001; 70.6232284241816; -241.7537015151412; -22284.608955611617
96.7; 70.71677563645638; -246.15807386123234; -6453.637471934744
96.80000000000001; 70.81025198158555; -246.5916687883674; 4396.349524320486
96.9; 70.90365708566388; -246.79513560362014; -301.089387505428
97; 70.99699057507107; -242.98199914598982; 20247.90742758203
97.10000000000001; 71.09025207647329; -242.43925701475135; -61.889874122748665
97.2; 71.18344121682466; -239.47544908320526; 4308.46132919684
97.30000000000001; 71.27655762336875; -238.35407198202998; 11705.868220344892
97.4; 71.36960092364004; -235.90713044138226; -2046.440522013465
97.5; 71.46257074546546; -235.24985992854135; -1584.2654894791467
97.60000000000001; 71.55546671696584; -235.36864203539423; -9615.755039850406
97.7; 71.64828846655743; -235.79801351315274; -6070.173311314813
97.80000000000001; 71.74103562295336; -236.03278330209062; -7692.031465649982
97.9; 71.83370781516511; -235.7676944739131; -3578.763836751371
98; 71.92630467250405; -236.13242022151644; -21208.77237498039
98.10000000000001; 72.01882582458286; -236.538712860051; 9396.656414096604
98.2; 72.11127090131707; -236.66188626596312; 22946.726694494362
98.30000000000001; 72.20363953292649; -236.025983261992; 13766.000809893858
98.4; 72.29593134993671; -235.92418016433908; 5821.03583416617
98.5; 72.38814598318059; -233.2086175201771; 8143.738803522198
98.60000000000001; 72.48028306379973; -234.2632723021437; 7126.771201160845
98.7; 72.57234222324593; -233.79899035214106; 3387.9781978459864
98.80000000000001; 72.66432309328265; -231.43165079984024; 5502.079055494319
98.9; 72.75622530598656; -230.82373930540606; 2406.4443027876355
99; 72.84804849374892; -230.5026139371229; 16969.837660099798
99.10000000000001; 72.9397922892771; -228.39771925120982; 22749.762604133313
99.2; 73.03145632559604; -228.64885277926615; -2229.6322672501224
99.30000000000001; 73.12304023604972; -226.99727804215826; 18209.071418029744
99.4; 73.21454365430262; -223.11787520083936; 20212.818423871766
99.5; 73.30596621434118; -224.74775259565052; -13069.127556243144
99.60000000000001; 73.3973075504753; -223.8042673682965; 3192.0414616895823
99.7; 73.48856729733976; -221.66688100447956; 20503.6143090932
99.80000000000001; 73.57974508989567; -222.08237916849953; -5868.8091016464405
99.9; 73.670840563432; -221.7426633629445; 5036.588725192011
100; 73.76185335356696; -221.72186934177785; 4070.8461508175405
